customer_id,customer_name,customer_tier,region,channel_preference,payment_terms,account_manager
CUST00001,Schneider Trading,Mid-Market,Gauteng,Ecommerce,Net 15,S. Naidoo
CUST00002,Williams Trading,SMB,Gauteng,Retail,Net 60,L. van Wyk
CUST00003,Cruz Trading,SMB,Gauteng,Wholesale,Net 15,A. Petersen
CUST00004,Dyer Trading,Mid-Market,Free State,Wholesale,Net 60,L. van Wyk
CUST00005,Powell Trading,SMB,Free State,Ecommerce,COD,S. Naidoo
CUST00006,Alexander Trading,Mid-Market,KwaZulu-Natal,Ecommerce,Net 15,S. Naidoo
CUST00007,Patterson-Garcia,Key Account,KwaZulu-Natal,Retail,COD,L. van Wyk
CUST00008,Adkins Trading,SMB,KwaZulu-Natal,Ecommerce,COD,L. van Wyk
CUST00009,Pollard Trading,SMB,Eastern Cape,Retail,Net 60,T. Mokoena
CUST00010,Hunt-Strong,Enterprise,Free State,Ecommerce,Net 60,S. Naidoo
CUST00011,Hebert Trading,Mid-Market,Gauteng,Wholesale,Net 30,N. Dlamini
CUST00012,Hoffman and Sons,Enterprise,Gauteng,Distributor,Net 30,L. van Wyk
CUST00013,Bates Trading,Mid-Market,KwaZulu-Natal,Wholesale,Net 30,T. Mokoena
CUST00014,Johnson Trading,SMB,KwaZulu-Natal,Retail,Net 60,S. Naidoo
CUST00015,Richardson Trading,SMB,Western Cape,Wholesale,Net 45,L. van Wyk
CUST00016,Small Trading,SMB,Limpopo,Wholesale,Net 30,N. Dlamini
CUST00017,Cameron Trading,SMB,Gauteng,Ecommerce,Net 45,T. Mokoena
CUST00018,Smith Trading,SMB,Free State,Ecommerce,Net 15,L. van Wyk
CUST00019,King Trading,SMB,Limpopo,Distributor,Net 15,T. Mokoena
CUST00020,Jimenez Trading,SMB,Limpopo,Ecommerce,Net 60,L. van Wyk
CUST00021,"Henson, Lee and Guerra",Enterprise,Eastern Cape,Ecommerce,Net 15,S. Naidoo
CUST00022,Garner Trading,SMB,Gauteng,Retail,COD,S. Naidoo
CUST00023,White Trading,Mid-Market,Limpopo,Distributor,Net 60,N. Dlamini
CUST00024,Ross Trading,SMB,Free State,Distributor,Net 60,T. Mokoena
CUST00025,Leach-Reed,Key Account,Gauteng,Retail,Net 60,T. Mokoena
CUST00026,Flores Trading,Mid-Market,KwaZulu-Natal,Retail,Net 30,L. van Wyk
CUST00027,Adams Trading,SMB,Gauteng,Ecommerce,Net 60,S. Naidoo
CUST00028,Palmer Trading,SMB,Gauteng,Ecommerce,Net 60,A. Petersen
CUST00029,Wilson Trading,SMB,KwaZulu-Natal,Wholesale,Net 60,A. Petersen
CUST00030,Simmons Ltd,Enterprise,Free State,Ecommerce,Net 45,N. Dlamini
CUST00031,Cooley Trading,SMB,KwaZulu-Natal,Ecommerce,Net 15,N. Dlamini
CUST00032,Dean Trading,SMB,Free State,Retail,COD,L. van Wyk
CUST00033,"Torres, Fleming and Martin",Enterprise,Free State,Wholesale,Net 15,L. van Wyk
CUST00034,Wood Ltd,Enterprise,Western Cape,Ecommerce,Net 60,A. Petersen
CUST00035,Page Trading,SMB,Western Cape,Wholesale,Net 30,L. van Wyk
CUST00036,Patel Group,Key Account,Limpopo,Ecommerce,Net 45,A. Petersen
CUST00037,Wright Trading,SMB,Western Cape,Wholesale,COD,T. Mokoena
CUST00038,Key Trading,SMB,Free State,Wholesale,Net 60,S. Naidoo
CUST00039,Kelly Trading,SMB,Limpopo,Retail,Net 15,N. Dlamini
CUST00040,"Barr, Washington and Garrett",Enterprise,KwaZulu-Natal,Retail,Net 60,S. Naidoo
CUST00041,Burgess Trading,SMB,Eastern Cape,Wholesale,Net 60,S. Naidoo
CUST00042,Mcmahon Trading,Mid-Market,Free State,Distributor,Net 15,L. van Wyk
CUST00043,Nelson Inc,Enterprise,Western Cape,Retail,COD,L. van Wyk
CUST00044,Fisher Trading,SMB,Eastern Cape,Distributor,COD,N. Dlamini
CUST00045,Mcintyre Trading,SMB,Limpopo,Ecommerce,COD,S. Naidoo
CUST00046,Palmer Trading,SMB,Free State,Distributor,Net 15,L. van Wyk
CUST00047,Figueroa Trading,SMB,Eastern Cape,Wholesale,COD,L. van Wyk
CUST00048,"Rogers, Cunningham and Coleman",Enterprise,Free State,Retail,COD,A. Petersen
CUST00049,Cohen and Sons,Enterprise,Gauteng,Wholesale,Net 15,L. van Wyk
CUST00050,Ortiz Trading,SMB,Western Cape,Distributor,COD,S. Naidoo
CUST00051,Roberts Trading,SMB,Eastern Cape,Ecommerce,Net 45,T. Mokoena
CUST00052,Bradley Trading,SMB,Limpopo,Distributor,Net 15,S. Naidoo
CUST00053,Spencer Trading,SMB,Gauteng,Retail,Net 30,N. Dlamini
CUST00054,Crawford Trading,SMB,Eastern Cape,Wholesale,COD,A. Petersen
CUST00055,Taylor Trading,SMB,Western Cape,Retail,Net 60,N. Dlamini
CUST00056,Brady Trading,Mid-Market,Western Cape,Distributor,COD,A. Petersen
CUST00057,Davila Trading,SMB,Free State,Retail,Net 60,N. Dlamini
CUST00058,Freeman Trading,SMB,Free State,Ecommerce,Net 30,S. Naidoo
CUST00059,Williams Trading,Mid-Market,KwaZulu-Natal,Wholesale,Net 30,L. van Wyk
CUST00060,Blackburn Trading,SMB,Limpopo,Ecommerce,Net 45,T. Mokoena
CUST00061,Hernandez Ltd,Enterprise,Gauteng,Retail,Net 45,A. Petersen
CUST00062,"Gray, Dixon and Walker",Key Account,Gauteng,Retail,Net 60,S. Naidoo
CUST00063,Fowler Trading,SMB,Western Cape,Ecommerce,COD,S. Naidoo
CUST00064,Sheppard Trading,SMB,Western Cape,Distributor,Net 60,T. Mokoena
CUST00065,James Trading,Mid-Market,Limpopo,Retail,Net 60,T. Mokoena
CUST00066,"Morris, Stevens and Salazar",Enterprise,Gauteng,Wholesale,Net 30,N. Dlamini
CUST00067,"Salinas, Terry and Gonzalez",Enterprise,Limpopo,Wholesale,Net 30,T. Mokoena
CUST00068,Phillips Trading,Mid-Market,Limpopo,Ecommerce,Net 15,T. Mokoena
CUST00069,Gomez Trading,SMB,KwaZulu-Natal,Retail,COD,L. van Wyk
CUST00070,"Smith, Ashley and Campbell",Enterprise,Gauteng,Retail,Net 30,S. Naidoo
CUST00071,Gutierrez Trading,Mid-Market,KwaZulu-Natal,Wholesale,Net 45,A. Petersen
CUST00072,Wolf Trading,Mid-Market,Free State,Retail,COD,N. Dlamini
CUST00073,Clark-Perry,Enterprise,Limpopo,Wholesale,Net 60,N. Dlamini
CUST00074,Spencer Group,Enterprise,Free State,Wholesale,Net 45,S. Naidoo
CUST00075,Duran Trading,SMB,KwaZulu-Natal,Retail,Net 30,S. Naidoo
CUST00076,Coleman Trading,Mid-Market,Limpopo,Retail,Net 30,A. Petersen
CUST00077,Anderson PLC,Enterprise,Eastern Cape,Wholesale,Net 15,S. Naidoo
CUST00078,"Roberts, Herman and Townsend",Key Account,Western Cape,Distributor,COD,S. Naidoo
CUST00079,Bradley Trading,Mid-Market,KwaZulu-Natal,Distributor,Net 15,T. Mokoena
CUST00080,Sanchez Trading,SMB,Limpopo,Retail,Net 45,N. Dlamini
CUST00081,"Walker, Rice and Herrera",Enterprise,Western Cape,Wholesale,Net 45,T. Mokoena
CUST00082,Harris Trading,SMB,Western Cape,Wholesale,COD,S. Naidoo
CUST00083,Morris Trading,SMB,KwaZulu-Natal,Retail,Net 30,T. Mokoena
CUST00084,Johnson Trading,Mid-Market,Eastern Cape,Ecommerce,COD,N. Dlamini
CUST00085,"Fischer, Smith and Garcia",Enterprise,KwaZulu-Natal,Wholesale,Net 60,T. Mokoena
CUST00086,Wolf Trading,SMB,Free State,Distributor,Net 30,T. Mokoena
CUST00087,Kim Trading,SMB,Free State,Retail,Net 45,A. Petersen
CUST00088,Mendoza Trading,SMB,Gauteng,Distributor,COD,A. Petersen
CUST00089,Boyd-Watts,Enterprise,Free State,Wholesale,Net 30,L. van Wyk
CUST00090,Diaz Trading,SMB,Limpopo,Ecommerce,Net 60,T. Mokoena
CUST00091,Scott Trading,Mid-Market,Gauteng,Ecommerce,Net 60,T. Mokoena
CUST00092,Simmons Trading,Mid-Market,KwaZulu-Natal,Distributor,Net 30,A. Petersen
CUST00093,Parrish Trading,SMB,Eastern Cape,Distributor,Net 15,A. Petersen
CUST00094,Cole Trading,Mid-Market,Eastern Cape,Retail,Net 30,T. Mokoena
CUST00095,Moore Trading,SMB,Free State,Ecommerce,Net 45,L. van Wyk
CUST00096,Miles Trading,SMB,Western Cape,Distributor,Net 15,N. Dlamini
CUST00097,Wood Trading,SMB,Limpopo,Ecommerce,COD,S. Naidoo
CUST00098,Terry Trading,Mid-Market,Western Cape,Wholesale,Net 15,N. Dlamini
CUST00099,Perez Trading,SMB,Eastern Cape,Retail,Net 45,L. van Wyk
CUST00100,Hoover LLC,Enterprise,Free State,Wholesale,Net 45,L. van Wyk
CUST00101,Lewis Trading,SMB,Western Cape,Retail,COD,L. van Wyk
CUST00102,Simpson Trading,SMB,Limpopo,Distributor,COD,A. Petersen
CUST00103,Aguilar Trading,SMB,Gauteng,Distributor,Net 15,L. van Wyk
CUST00104,Collins Trading,Mid-Market,Free State,Ecommerce,Net 45,A. Petersen
CUST00105,Shepherd-Howard,Enterprise,Free State,Distributor,Net 60,L. van Wyk
CUST00106,"Ramirez, Rowe and Rhodes",Enterprise,Limpopo,Distributor,Net 45,T. Mokoena
CUST00107,Johnston Trading,Mid-Market,Limpopo,Ecommerce,Net 60,L. van Wyk
CUST00108,Williams Trading,Mid-Market,KwaZulu-Natal,Distributor,COD,T. Mokoena
CUST00109,Moore Trading,SMB,KwaZulu-Natal,Ecommerce,Net 60,N. Dlamini
CUST00110,Nash Trading,SMB,Western Cape,Distributor,Net 15,S. Naidoo
CUST00111,Brown Trading,SMB,Eastern Cape,Ecommerce,Net 60,L. van Wyk
CUST00112,Ramirez Trading,SMB,Western Cape,Distributor,Net 45,A. Petersen
CUST00113,Bell Ltd,Enterprise,Gauteng,Distributor,Net 45,N. Dlamini
CUST00114,Jacobson Ltd,Enterprise,KwaZulu-Natal,Distributor,Net 45,A. Petersen
CUST00115,Wright Trading,Mid-Market,Free State,Wholesale,Net 45,S. Naidoo
CUST00116,Sanchez Trading,SMB,Eastern Cape,Retail,Net 45,T. Mokoena
CUST00117,Rowe Trading,Mid-Market,Eastern Cape,Wholesale,Net 45,S. Naidoo
CUST00118,Kelley PLC,Key Account,Free State,Retail,Net 45,A. Petersen
CUST00119,Parker Trading,Mid-Market,Gauteng,Retail,Net 45,S. Naidoo
CUST00120,"Anderson, Noble and Bautista",Enterprise,Western Cape,Retail,Net 30,L. van Wyk
CUST00121,King Trading,SMB,Eastern Cape,Ecommerce,Net 30,L. van Wyk
CUST00122,Smith Trading,SMB,Eastern Cape,Ecommerce,COD,L. van Wyk
CUST00123,Snyder Trading,SMB,Free State,Retail,Net 30,S. Naidoo
CUST00124,Carter Trading,Mid-Market,Limpopo,Retail,COD,S. Naidoo
CUST00125,Johnson Trading,SMB,Gauteng,Wholesale,Net 15,S. Naidoo
CUST00126,Hurst Trading,SMB,Gauteng,Wholesale,Net 45,T. Mokoena
CUST00127,Smith Trading,Mid-Market,Western Cape,Retail,Net 15,T. Mokoena
CUST00128,Bailey Trading,SMB,Gauteng,Ecommerce,Net 60,L. van Wyk
CUST00129,Huff Trading,SMB,Limpopo,Wholesale,COD,A. Petersen
CUST00130,Black Trading,Mid-Market,Limpopo,Wholesale,COD,T. Mokoena
CUST00131,Jenkins Ltd,Enterprise,Free State,Retail,Net 60,N. Dlamini
CUST00132,Walker Trading,SMB,Eastern Cape,Ecommerce,COD,A. Petersen
CUST00133,Howard Trading,Mid-Market,Gauteng,Distributor,Net 45,N. Dlamini
CUST00134,Mcconnell Trading,SMB,KwaZulu-Natal,Distributor,Net 15,L. van Wyk
CUST00135,Scott Trading,SMB,Free State,Ecommerce,Net 60,A. Petersen
CUST00136,Martinez Trading,Mid-Market,Eastern Cape,Distributor,Net 60,T. Mokoena
CUST00137,Gamble Trading,SMB,Western Cape,Retail,Net 30,L. van Wyk
CUST00138,Austin Trading,SMB,Eastern Cape,Distributor,Net 30,N. Dlamini
CUST00139,Williams Trading,SMB,KwaZulu-Natal,Wholesale,Net 45,S. Naidoo
CUST00140,Mitchell Trading,SMB,KwaZulu-Natal,Ecommerce,Net 30,A. Petersen
CUST00141,Jenkins Trading,Mid-Market,KwaZulu-Natal,Retail,Net 60,S. Naidoo
CUST00142,Dixon Trading,SMB,Limpopo,Distributor,Net 45,A. Petersen
CUST00143,Bailey Trading,Mid-Market,Limpopo,Distributor,Net 45,L. van Wyk
CUST00144,Cook Trading,Mid-Market,Gauteng,Ecommerce,Net 15,L. van Wyk
CUST00145,Luna Trading,Mid-Market,KwaZulu-Natal,Ecommerce,Net 45,A. Petersen
CUST00146,Solomon Trading,SMB,Eastern Cape,Ecommerce,Net 30,L. van Wyk
CUST00147,Hernandez Trading,SMB,KwaZulu-Natal,Wholesale,COD,S. Naidoo
CUST00148,Ortiz Trading,SMB,Limpopo,Wholesale,Net 15,S. Naidoo
CUST00149,Rivera Trading,Mid-Market,KwaZulu-Natal,Ecommerce,COD,S. Naidoo
CUST00150,Johnston Trading,SMB,KwaZulu-Natal,Wholesale,Net 30,N. Dlamini
CUST00151,Valdez Trading,Mid-Market,Western Cape,Ecommerce,COD,N. Dlamini
CUST00152,Allison Trading,Mid-Market,Limpopo,Wholesale,Net 45,N. Dlamini
CUST00153,"Pennington, Robinson and Ramirez",Enterprise,Free State,Ecommerce,Net 45,L. van Wyk
CUST00154,Patrick Trading,SMB,Western Cape,Retail,Net 30,L. van Wyk
CUST00155,Mitchell Trading,SMB,Gauteng,Distributor,Net 45,N. Dlamini
CUST00156,Lewis Trading,Mid-Market,Limpopo,Retail,Net 15,S. Naidoo
CUST00157,"Flores, Hall and Webster",Enterprise,KwaZulu-Natal,Retail,Net 15,N. Dlamini
CUST00158,Allen Trading,Mid-Market,Eastern Cape,Wholesale,Net 60,L. van Wyk
CUST00159,Rodriguez Trading,SMB,Eastern Cape,Ecommerce,Net 60,L. van Wyk
CUST00160,Jordan Trading,SMB,Free State,Retail,Net 60,N. Dlamini
CUST00161,Stephens PLC,Enterprise,Western Cape,Wholesale,Net 30,N. Dlamini
CUST00162,Perry Trading,SMB,Western Cape,Retail,Net 15,N. Dlamini
CUST00163,Brown Trading,SMB,Limpopo,Distributor,Net 30,N. Dlamini
CUST00164,Lozano Trading,SMB,Limpopo,Ecommerce,Net 45,N. Dlamini
CUST00165,Gonzalez Trading,Mid-Market,KwaZulu-Natal,Wholesale,Net 45,N. Dlamini
CUST00166,Goodman Trading,SMB,Limpopo,Wholesale,Net 30,S. Naidoo
CUST00167,Miller Trading,SMB,Western Cape,Ecommerce,Net 60,A. Petersen
CUST00168,"Moore, Miller and Anderson",Enterprise,Eastern Cape,Retail,Net 45,T. Mokoena
CUST00169,Alexander Trading,Mid-Market,KwaZulu-Natal,Distributor,Net 45,N. Dlamini
CUST00170,Ward Trading,Mid-Market,Eastern Cape,Ecommerce,Net 60,T. Mokoena
CUST00171,Howe Trading,SMB,Western Cape,Retail,Net 30,A. Petersen
CUST00172,Wilson Trading,SMB,Western Cape,Distributor,Net 60,L. van Wyk
CUST00173,Ramirez-Moore,Enterprise,Western Cape,Distributor,Net 45,N. Dlamini
CUST00174,Little Trading,SMB,Eastern Cape,Ecommerce,Net 30,N. Dlamini
CUST00175,"Lewis, Frank and Schmitt",Enterprise,KwaZulu-Natal,Distributor,Net 45,T. Mokoena
CUST00176,Weaver Trading,Mid-Market,Eastern Cape,Retail,Net 45,N. Dlamini
CUST00177,Norris Trading,SMB,KwaZulu-Natal,Retail,Net 45,A. Petersen
CUST00178,Lane and Sons,Enterprise,Gauteng,Distributor,Net 45,N. Dlamini
CUST00179,Green Trading,SMB,KwaZulu-Natal,Distributor,Net 45,N. Dlamini
CUST00180,Mosley Trading,SMB,Free State,Wholesale,Net 30,L. van Wyk
CUST00181,"Brown, Hale and Lopez",Enterprise,Eastern Cape,Retail,COD,A. Petersen
CUST00182,Graves Trading,Mid-Market,Limpopo,Wholesale,Net 30,A. Petersen
CUST00183,Holmes Trading,SMB,Eastern Cape,Retail,Net 15,N. Dlamini
CUST00184,Ramirez Trading,SMB,Gauteng,Wholesale,Net 45,T. Mokoena
CUST00185,Juarez Trading,SMB,KwaZulu-Natal,Distributor,Net 45,L. van Wyk
CUST00186,Miller Trading,SMB,Free State,Wholesale,Net 45,S. Naidoo
CUST00187,"Smith, Richardson and Richardson",Enterprise,Free State,Wholesale,COD,T. Mokoena
CUST00188,Herrera Trading,Mid-Market,Eastern Cape,Ecommerce,Net 60,T. Mokoena
CUST00189,Smith-Esparza,Enterprise,KwaZulu-Natal,Ecommerce,Net 60,A. Petersen
CUST00190,Harrison and Sons,Key Account,Eastern Cape,Wholesale,Net 45,A. Petersen
CUST00191,Curry Trading,SMB,KwaZulu-Natal,Distributor,Net 45,T. Mokoena
CUST00192,"Johnson, Hill and Chapman",Enterprise,Limpopo,Wholesale,Net 60,L. van Wyk
CUST00193,Delacruz Trading,SMB,Eastern Cape,Retail,Net 30,L. van Wyk
CUST00194,Nguyen Trading,Mid-Market,Eastern Cape,Distributor,Net 15,L. van Wyk
CUST00195,Mathews-Diaz,Key Account,Western Cape,Ecommerce,COD,L. van Wyk
CUST00196,Kidd Trading,SMB,Eastern Cape,Retail,Net 15,L. van Wyk
CUST00197,Gomez-Young,Enterprise,Western Cape,Retail,Net 45,T. Mokoena
CUST00198,Cortez Trading,SMB,Limpopo,Distributor,COD,T. Mokoena
CUST00199,"Reynolds, Brown and Hodges",Enterprise,Free State,Distributor,Net 30,L. van Wyk
CUST00200,Carter-Rojas,Enterprise,Gauteng,Retail,Net 15,T. Mokoena
CUST00201,Davis Ltd,Key Account,Limpopo,Retail,Net 45,N. Dlamini
CUST00202,Robinson Trading,Mid-Market,Limpopo,Retail,Net 45,S. Naidoo
CUST00203,Gonzalez Trading,Mid-Market,Gauteng,Retail,Net 30,N. Dlamini
CUST00204,Wilson Trading,SMB,KwaZulu-Natal,Distributor,Net 15,S. Naidoo
CUST00205,Morris Trading,SMB,Free State,Wholesale,Net 15,S. Naidoo
CUST00206,Flores Trading,SMB,Eastern Cape,Wholesale,Net 45,A. Petersen
CUST00207,Chen Trading,SMB,Eastern Cape,Ecommerce,Net 45,T. Mokoena
CUST00208,Davis Trading,Mid-Market,Eastern Cape,Ecommerce,Net 60,S. Naidoo
CUST00209,Raymond Trading,SMB,KwaZulu-Natal,Ecommerce,Net 45,T. Mokoena
CUST00210,Strickland Trading,SMB,KwaZulu-Natal,Wholesale,Net 45,L. van Wyk
CUST00211,Pennington Trading,SMB,Eastern Cape,Ecommerce,Net 60,T. Mokoena
CUST00212,"Ross, Brown and Perez",Key Account,KwaZulu-Natal,Retail,Net 45,T. Mokoena
CUST00213,Williams Trading,SMB,Limpopo,Retail,Net 60,L. van Wyk
CUST00214,Reyes-Marshall,Enterprise,KwaZulu-Natal,Wholesale,Net 60,T. Mokoena
CUST00215,Contreras Trading,SMB,Western Cape,Ecommerce,Net 15,N. Dlamini
CUST00216,Wright and Sons,Enterprise,Limpopo,Retail,Net 30,L. van Wyk
CUST00217,Shaffer Trading,SMB,KwaZulu-Natal,Wholesale,COD,T. Mokoena
CUST00218,Galloway Trading,SMB,Eastern Cape,Wholesale,Net 15,S. Naidoo
CUST00219,Mooney Trading,Mid-Market,KwaZulu-Natal,Ecommerce,Net 15,T. Mokoena
CUST00220,Horne Inc,Enterprise,Eastern Cape,Ecommerce,Net 30,N. Dlamini
CUST00221,Miller Trading,SMB,Gauteng,Wholesale,Net 15,L. van Wyk
CUST00222,"Wallace, Love and Hill",Key Account,Free State,Ecommerce,COD,L. van Wyk
CUST00223,Hays Trading,SMB,Free State,Retail,Net 45,T. Mokoena
CUST00224,Green Trading,Mid-Market,Limpopo,Ecommerce,Net 60,L. van Wyk
CUST00225,Adams Ltd,Enterprise,KwaZulu-Natal,Retail,Net 15,L. van Wyk
CUST00226,Lewis Trading,SMB,Free State,Ecommerce,Net 60,S. Naidoo
CUST00227,Johnson Trading,Mid-Market,Limpopo,Distributor,Net 30,L. van Wyk
CUST00228,Newman Trading,SMB,Gauteng,Retail,Net 30,L. van Wyk
CUST00229,Patel Trading,SMB,Western Cape,Wholesale,Net 45,L. van Wyk
CUST00230,Walsh Trading,SMB,Limpopo,Distributor,Net 60,S. Naidoo
CUST00231,Preston-Stephenson,Enterprise,Limpopo,Retail,Net 45,A. Petersen
CUST00232,Scott Trading,SMB,KwaZulu-Natal,Retail,Net 30,S. Naidoo
CUST00233,Williams Trading,SMB,Western Cape,Ecommerce,COD,T. Mokoena
CUST00234,Howe Trading,SMB,Limpopo,Ecommerce,COD,L. van Wyk
CUST00235,Houston Trading,SMB,Gauteng,Distributor,COD,S. Naidoo
CUST00236,Walters Trading,Mid-Market,Free State,Retail,COD,T. Mokoena
CUST00237,Lewis Trading,SMB,Western Cape,Wholesale,COD,A. Petersen
CUST00238,Williams Trading,SMB,Western Cape,Wholesale,Net 30,S. Naidoo
CUST00239,Stewart Trading,Mid-Market,Free State,Retail,Net 30,S. Naidoo
CUST00240,Hunt LLC,Key Account,Free State,Ecommerce,Net 15,N. Dlamini
CUST00241,Conrad Trading,Mid-Market,Gauteng,Wholesale,COD,T. Mokoena
CUST00242,Johnson Trading,Mid-Market,Western Cape,Ecommerce,COD,S. Naidoo
CUST00243,Holland Trading,SMB,Western Cape,Distributor,Net 60,N. Dlamini
CUST00244,Stevenson Trading,Mid-Market,Eastern Cape,Distributor,Net 30,A. Petersen
CUST00245,Lane Trading,Mid-Market,Eastern Cape,Wholesale,Net 60,N. Dlamini
CUST00246,Gross Trading,Mid-Market,Limpopo,Ecommerce,Net 45,N. Dlamini
CUST00247,Smith Trading,SMB,Eastern Cape,Distributor,Net 45,N. Dlamini
CUST00248,Brown Trading,SMB,Eastern Cape,Retail,COD,T. Mokoena
CUST00249,Nguyen Trading,Mid-Market,Gauteng,Wholesale,Net 30,A. Petersen
CUST00250,Mata Trading,Mid-Market,Free State,Ecommerce,Net 45,A. Petersen
CUST00251,Nelson Trading,SMB,Eastern Cape,Distributor,COD,N. Dlamini
CUST00252,Hendrix LLC,Enterprise,Limpopo,Wholesale,Net 45,L. van Wyk
CUST00253,"Miller, Lopez and Mcdonald",Enterprise,Eastern Cape,Ecommerce,Net 45,L. van Wyk
CUST00254,Carter Trading,SMB,Gauteng,Ecommerce,Net 45,T. Mokoena
CUST00255,Watkins Trading,Mid-Market,KwaZulu-Natal,Wholesale,Net 45,N. Dlamini
CUST00256,Lara Trading,SMB,Gauteng,Retail,Net 45,N. Dlamini
CUST00257,Henderson Trading,Mid-Market,KwaZulu-Natal,Wholesale,Net 60,N. Dlamini
CUST00258,Peterson Trading,Mid-Market,Free State,Ecommerce,COD,L. van Wyk
CUST00259,Sanford Trading,SMB,Limpopo,Distributor,COD,T. Mokoena
CUST00260,Henderson Trading,Mid-Market,KwaZulu-Natal,Retail,Net 60,A. Petersen
CUST00261,Lewis Trading,SMB,Limpopo,Distributor,Net 15,N. Dlamini
CUST00262,Lee Trading,SMB,Free State,Ecommerce,COD,T. Mokoena
CUST00263,Jackson Trading,Mid-Market,Eastern Cape,Retail,Net 60,T. Mokoena
CUST00264,Burnett Trading,SMB,KwaZulu-Natal,Ecommerce,Net 30,T. Mokoena
CUST00265,Cabrera Trading,SMB,Western Cape,Distributor,COD,S. Naidoo
CUST00266,Lambert Trading,Mid-Market,Gauteng,Retail,Net 60,S. Naidoo
CUST00267,Wright Trading,SMB,Eastern Cape,Ecommerce,Net 15,T. Mokoena
CUST00268,Stewart Trading,SMB,KwaZulu-Natal,Retail,COD,S. Naidoo
CUST00269,Young Trading,SMB,Free State,Retail,COD,T. Mokoena
CUST00270,Rodriguez Trading,SMB,Eastern Cape,Distributor,Net 60,L. van Wyk
CUST00271,Hill Trading,SMB,Western Cape,Retail,Net 30,L. van Wyk
CUST00272,Camacho Trading,SMB,Limpopo,Distributor,Net 60,T. Mokoena
CUST00273,Ortiz Trading,SMB,Eastern Cape,Retail,COD,S. Naidoo
CUST00274,Allen Trading,SMB,Western Cape,Wholesale,Net 30,T. Mokoena
CUST00275,Morris Trading,SMB,Gauteng,Distributor,Net 45,S. Naidoo
CUST00276,Carr Trading,SMB,Free State,Wholesale,Net 60,A. Petersen
CUST00277,"Martinez, Fitzpatrick and Carter",Enterprise,KwaZulu-Natal,Retail,Net 45,N. Dlamini
CUST00278,Harrison Trading,SMB,Eastern Cape,Retail,Net 30,A. Petersen
CUST00279,Rios Trading,SMB,Eastern Cape,Distributor,Net 30,N. Dlamini
CUST00280,Nelson Trading,SMB,KwaZulu-Natal,Wholesale,Net 60,L. van Wyk
CUST00281,Hansen and Sons,Enterprise,KwaZulu-Natal,Retail,Net 45,N. Dlamini
CUST00282,Castillo Trading,SMB,Free State,Distributor,Net 60,N. Dlamini
CUST00283,Rivas Trading,SMB,KwaZulu-Natal,Ecommerce,Net 15,T. Mokoena
CUST00284,Farmer Trading,Mid-Market,Gauteng,Retail,Net 60,A. Petersen
CUST00285,Jones Trading,SMB,KwaZulu-Natal,Ecommerce,Net 15,S. Naidoo
CUST00286,Powers Trading,SMB,KwaZulu-Natal,Wholesale,Net 15,A. Petersen
CUST00287,Payne Trading,SMB,Limpopo,Retail,Net 15,L. van Wyk
CUST00288,Davis Trading,SMB,Free State,Distributor,Net 60,A. Petersen
CUST00289,Bauer Trading,SMB,Limpopo,Ecommerce,Net 15,L. van Wyk
CUST00290,Palmer Trading,SMB,Eastern Cape,Ecommerce,Net 30,A. Petersen
CUST00291,Mejia Trading,SMB,Free State,Retail,Net 30,L. van Wyk
CUST00292,Fuller Trading,SMB,Gauteng,Ecommerce,Net 30,N. Dlamini
CUST00293,Gross Trading,Mid-Market,Gauteng,Distributor,Net 45,A. Petersen
CUST00294,Klein Trading,Mid-Market,Limpopo,Retail,Net 45,A. Petersen
CUST00295,Rodriguez Trading,Mid-Market,KwaZulu-Natal,Distributor,Net 60,S. Naidoo
CUST00296,"Ellis, Suarez and Mora",Key Account,Eastern Cape,Retail,Net 30,N. Dlamini
CUST00297,Benjamin Trading,SMB,Western Cape,Retail,Net 15,L. van Wyk
CUST00298,Burke Inc,Key Account,Free State,Wholesale,Net 30,T. Mokoena
CUST00299,"Kramer, Lopez and Miller",Enterprise,Eastern Cape,Distributor,Net 30,A. Petersen
CUST00300,Harris Trading,SMB,Limpopo,Ecommerce,COD,T. Mokoena
CUST00301,Foster Trading,SMB,Limpopo,Distributor,Net 30,T. Mokoena
CUST00302,Gay Trading,Mid-Market,Limpopo,Wholesale,Net 30,N. Dlamini
CUST00303,Daniels Trading,Mid-Market,Western Cape,Ecommerce,Net 30,L. van Wyk
CUST00304,Howe Trading,SMB,Limpopo,Retail,Net 30,A. Petersen
CUST00305,Howard Trading,SMB,KwaZulu-Natal,Wholesale,Net 60,N. Dlamini
CUST00306,Edwards Trading,Mid-Market,Eastern Cape,Ecommerce,COD,T. Mokoena
CUST00307,Smith Trading,SMB,Western Cape,Ecommerce,Net 45,S. Naidoo
CUST00308,Torres Trading,SMB,Western Cape,Wholesale,COD,T. Mokoena
CUST00309,"Shea, Garrison and Love",Enterprise,Gauteng,Retail,Net 30,A. Petersen
CUST00310,Bates Trading,SMB,Eastern Cape,Wholesale,Net 15,S. Naidoo
CUST00311,"Ross, Ellis and Johnson",Enterprise,Free State,Wholesale,Net 45,N. Dlamini
CUST00312,Scott Trading,SMB,Limpopo,Wholesale,Net 45,A. Petersen
CUST00313,Williams Trading,SMB,Limpopo,Distributor,Net 15,A. Petersen
CUST00314,Hunter Trading,SMB,Eastern Cape,Wholesale,Net 30,A. Petersen
CUST00315,"Ellis, Bautista and Burns",Key Account,Eastern Cape,Ecommerce,Net 45,A. Petersen
CUST00316,Watts Trading,SMB,Western Cape,Wholesale,Net 60,S. Naidoo
CUST00317,"Coleman, Allen and Neal",Enterprise,Gauteng,Distributor,Net 30,A. Petersen
CUST00318,Wall Group,Enterprise,Limpopo,Retail,Net 30,N. Dlamini
CUST00319,Jones Trading,Mid-Market,KwaZulu-Natal,Distributor,Net 60,S. Naidoo
CUST00320,Hughes and Sons,Enterprise,Gauteng,Wholesale,Net 45,T. Mokoena
CUST00321,Hamilton Group,Enterprise,Eastern Cape,Retail,Net 45,A. Petersen
CUST00322,Herrera Trading,SMB,Eastern Cape,Retail,Net 30,S. Naidoo
CUST00323,Evans Trading,SMB,Gauteng,Ecommerce,Net 15,S. Naidoo
CUST00324,Robertson Trading,SMB,Eastern Cape,Wholesale,Net 45,L. van Wyk
CUST00325,Mckinney Trading,Mid-Market,Gauteng,Retail,Net 30,S. Naidoo
CUST00326,Jordan Group,Enterprise,Free State,Distributor,COD,T. Mokoena
CUST00327,James Trading,SMB,Gauteng,Retail,Net 15,L. van Wyk
CUST00328,Cohen Trading,Mid-Market,Free State,Distributor,COD,N. Dlamini
CUST00329,Bell Ltd,Enterprise,Eastern Cape,Retail,Net 60,A. Petersen
CUST00330,Rivera Trading,SMB,Western Cape,Ecommerce,Net 45,N. Dlamini
CUST00331,Rojas Trading,Mid-Market,Western Cape,Distributor,Net 15,N. Dlamini
CUST00332,Sullivan Trading,SMB,KwaZulu-Natal,Retail,Net 60,A. Petersen
CUST00333,Allen Trading,SMB,Free State,Retail,Net 45,L. van Wyk
CUST00334,Stone Trading,SMB,Eastern Cape,Ecommerce,Net 30,N. Dlamini
CUST00335,Guerra Trading,SMB,Gauteng,Ecommerce,Net 15,N. Dlamini
CUST00336,Green Trading,Mid-Market,Limpopo,Ecommerce,Net 15,N. Dlamini
CUST00337,Adams Trading,SMB,KwaZulu-Natal,Wholesale,Net 45,L. van Wyk
CUST00338,Greer Trading,Mid-Market,Western Cape,Retail,Net 45,N. Dlamini
CUST00339,Solomon Trading,SMB,Gauteng,Wholesale,COD,T. Mokoena
CUST00340,Jimenez and Sons,Enterprise,Free State,Distributor,Net 60,L. van Wyk
CUST00341,Rojas Trading,SMB,Limpopo,Wholesale,Net 30,T. Mokoena
CUST00342,"Freeman, Castro and Ortega",Enterprise,Gauteng,Ecommerce,Net 30,N. Dlamini
CUST00343,Turner Trading,Mid-Market,Eastern Cape,Distributor,Net 45,L. van Wyk
CUST00344,Bass Trading,SMB,Western Cape,Distributor,Net 45,T. Mokoena
CUST00345,Kramer-Bridges,Enterprise,Free State,Ecommerce,COD,L. van Wyk
CUST00346,Peters Trading,SMB,Free State,Wholesale,Net 60,T. Mokoena
CUST00347,Alvarez Trading,SMB,Gauteng,Ecommerce,Net 30,T. Mokoena
CUST00348,Sanchez Trading,SMB,Limpopo,Distributor,Net 15,L. van Wyk
CUST00349,Willis Trading,SMB,Gauteng,Ecommerce,Net 60,L. van Wyk
CUST00350,Cook Trading,SMB,Gauteng,Retail,Net 45,T. Mokoena
CUST00351,Rivera Trading,SMB,Limpopo,Wholesale,COD,S. Naidoo
CUST00352,"Lang, Roman and Wilson",Enterprise,Limpopo,Distributor,COD,S. Naidoo
CUST00353,Graham Trading,SMB,Limpopo,Ecommerce,Net 30,L. van Wyk
CUST00354,"Jimenez, Jones and Robinson",Enterprise,Gauteng,Wholesale,Net 45,T. Mokoena
CUST00355,Walker Trading,SMB,Gauteng,Wholesale,Net 60,T. Mokoena
CUST00356,Erickson Trading,SMB,Limpopo,Ecommerce,Net 15,N. Dlamini
CUST00357,Combs Trading,SMB,Western Cape,Distributor,Net 60,L. van Wyk
CUST00358,Anderson-Lewis,Enterprise,Gauteng,Ecommerce,Net 30,L. van Wyk
CUST00359,Smith Trading,SMB,Free State,Ecommerce,Net 45,S. Naidoo
CUST00360,Ruiz Trading,SMB,Gauteng,Distributor,Net 15,L. van Wyk
CUST00361,"Valentine, Peck and Bowman",Key Account,Limpopo,Ecommerce,Net 30,N. Dlamini
CUST00362,Mack Trading,SMB,KwaZulu-Natal,Ecommerce,Net 15,S. Naidoo
CUST00363,Castillo Trading,Mid-Market,Free State,Wholesale,COD,S. Naidoo
CUST00364,Wagner Trading,Mid-Market,Western Cape,Distributor,COD,T. Mokoena
CUST00365,Gonzalez Trading,Mid-Market,KwaZulu-Natal,Distributor,Net 60,S. Naidoo
CUST00366,Johnson Trading,Mid-Market,Gauteng,Retail,Net 30,L. van Wyk
CUST00367,Gutierrez-Guerra,Key Account,Limpopo,Distributor,Net 60,L. van Wyk
CUST00368,White Trading,Mid-Market,Free State,Retail,Net 15,T. Mokoena
CUST00369,Jones Trading,Mid-Market,Eastern Cape,Distributor,Net 60,T. Mokoena
CUST00370,Scott Trading,SMB,Free State,Wholesale,Net 15,L. van Wyk
CUST00371,Shelton Trading,SMB,Gauteng,Retail,Net 60,S. Naidoo
CUST00372,Harrison Trading,SMB,Western Cape,Ecommerce,Net 15,T. Mokoena
CUST00373,Burns Ltd,Enterprise,Free State,Ecommerce,COD,T. Mokoena
CUST00374,Winters Trading,SMB,Free State,Ecommerce,Net 15,T. Mokoena
CUST00375,Bradley Trading,Mid-Market,Gauteng,Wholesale,Net 60,A. Petersen
CUST00376,Ellis Trading,SMB,Limpopo,Ecommerce,Net 60,N. Dlamini
CUST00377,"Morris, Sims and Rollins",Enterprise,Gauteng,Retail,COD,A. Petersen
CUST00378,Marks Trading,SMB,Western Cape,Distributor,Net 60,N. Dlamini
CUST00379,Blackburn Trading,SMB,Limpopo,Ecommerce,Net 30,L. van Wyk
CUST00380,Campos Trading,SMB,Limpopo,Distributor,Net 30,L. van Wyk
CUST00381,Bentley Trading,SMB,Gauteng,Wholesale,Net 45,L. van Wyk
CUST00382,Walker Trading,SMB,Western Cape,Ecommerce,Net 60,S. Naidoo
CUST00383,Skinner Trading,SMB,Limpopo,Ecommerce,Net 30,L. van Wyk
CUST00384,Herrera Trading,SMB,KwaZulu-Natal,Retail,Net 30,S. Naidoo
CUST00385,Melton Trading,SMB,KwaZulu-Natal,Distributor,Net 15,S. Naidoo
CUST00386,Kline Trading,SMB,KwaZulu-Natal,Distributor,Net 60,L. van Wyk
CUST00387,Harrison Trading,SMB,Western Cape,Ecommerce,Net 60,T. Mokoena
CUST00388,Floyd Trading,SMB,Western Cape,Distributor,Net 60,L. van Wyk
CUST00389,Marshall Trading,SMB,KwaZulu-Natal,Distributor,COD,N. Dlamini
CUST00390,Brown Group,Enterprise,Free State,Distributor,Net 15,S. Naidoo
CUST00391,Wilson Trading,Mid-Market,Gauteng,Retail,Net 30,L. van Wyk
CUST00392,Hood Trading,Mid-Market,Limpopo,Distributor,Net 30,A. Petersen
CUST00393,Blake Trading,SMB,Gauteng,Distributor,Net 15,T. Mokoena
CUST00394,Mccoy Trading,Mid-Market,Eastern Cape,Ecommerce,COD,L. van Wyk
CUST00395,Johnson Trading,SMB,Free State,Wholesale,Net 30,A. Petersen
CUST00396,Hughes Trading,SMB,Eastern Cape,Distributor,Net 60,T. Mokoena
CUST00397,Hernandez PLC,Enterprise,Free State,Retail,Net 15,N. Dlamini
CUST00398,Matthews Trading,SMB,KwaZulu-Natal,Ecommerce,Net 15,S. Naidoo
CUST00399,Davidson Trading,Mid-Market,Eastern Cape,Retail,COD,N. Dlamini
CUST00400,Mckinney Trading,SMB,KwaZulu-Natal,Distributor,Net 60,L. van Wyk
CUST00401,Murray Trading,SMB,Free State,Wholesale,Net 30,A. Petersen
CUST00402,Fischer Trading,SMB,Eastern Cape,Ecommerce,Net 60,T. Mokoena
CUST00403,Clark Trading,SMB,Free State,Distributor,Net 60,T. Mokoena
CUST00404,Brandt Trading,SMB,Gauteng,Ecommerce,Net 30,N. Dlamini
CUST00405,"Soto, Weiss and Harris",Key Account,Free State,Ecommerce,COD,A. Petersen
CUST00406,Gordon Trading,SMB,Limpopo,Wholesale,COD,A. Petersen
CUST00407,Reed Trading,SMB,Free State,Distributor,Net 15,S. Naidoo
CUST00408,Thomas Trading,SMB,Limpopo,Retail,Net 15,N. Dlamini
CUST00409,Griffin Trading,SMB,Eastern Cape,Wholesale,Net 45,S. Naidoo
CUST00410,Bennett Trading,SMB,Free State,Distributor,COD,S. Naidoo
CUST00411,Li Trading,SMB,Free State,Ecommerce,Net 45,A. Petersen
CUST00412,Webb Trading,SMB,Western Cape,Distributor,Net 60,T. Mokoena
CUST00413,Lopez Trading,SMB,Limpopo,Ecommerce,Net 60,L. van Wyk
CUST00414,Woods Trading,SMB,Western Cape,Ecommerce,Net 60,T. Mokoena
CUST00415,Green Trading,SMB,KwaZulu-Natal,Ecommerce,Net 15,L. van Wyk
CUST00416,Herrera Trading,SMB,KwaZulu-Natal,Ecommerce,Net 30,N. Dlamini
CUST00417,Johnson Trading,Mid-Market,Free State,Distributor,Net 45,T. Mokoena
CUST00418,Kirby LLC,Key Account,Western Cape,Ecommerce,COD,T. Mokoena
CUST00419,Castillo-Lam,Key Account,Gauteng,Ecommerce,Net 45,T. Mokoena
CUST00420,Harrington Trading,Mid-Market,Western Cape,Wholesale,Net 60,T. Mokoena
CUST00421,"Wells, Myers and Garcia",Enterprise,Limpopo,Ecommerce,Net 15,N. Dlamini
CUST00422,Alvarez Trading,Mid-Market,Free State,Wholesale,Net 15,N. Dlamini
CUST00423,Weaver Trading,Mid-Market,Free State,Wholesale,Net 15,N. Dlamini
CUST00424,Lucas Trading,SMB,KwaZulu-Natal,Distributor,COD,S. Naidoo
CUST00425,Wilkinson Trading,SMB,Free State,Wholesale,Net 45,L. van Wyk
CUST00426,Patterson Trading,SMB,Western Cape,Ecommerce,Net 30,T. Mokoena
CUST00427,Gill Trading,Mid-Market,Gauteng,Wholesale,Net 60,N. Dlamini
CUST00428,Thomas Inc,Enterprise,Western Cape,Distributor,Net 15,N. Dlamini
CUST00429,"Hayes, Young and Arroyo",Key Account,Eastern Cape,Distributor,Net 15,T. Mokoena
CUST00430,Gentry-Mack,Enterprise,Gauteng,Ecommerce,Net 60,A. Petersen
CUST00431,Morrison Trading,SMB,KwaZulu-Natal,Ecommerce,Net 45,A. Petersen
CUST00432,Brown Trading,SMB,Western Cape,Distributor,Net 30,S. Naidoo
CUST00433,Soto-Boyd,Enterprise,KwaZulu-Natal,Wholesale,Net 45,T. Mokoena
CUST00434,Hickman Trading,Mid-Market,Gauteng,Ecommerce,Net 30,A. Petersen
CUST00435,Vargas Trading,Mid-Market,Western Cape,Wholesale,Net 60,L. van Wyk
CUST00436,Wilson and Sons,Enterprise,Free State,Ecommerce,COD,L. van Wyk
CUST00437,Meyer Trading,Mid-Market,Western Cape,Wholesale,Net 45,T. Mokoena
CUST00438,Cain-Mcpherson,Enterprise,Gauteng,Ecommerce,Net 45,S. Naidoo
CUST00439,Rodriguez Trading,SMB,KwaZulu-Natal,Ecommerce,Net 30,A. Petersen
CUST00440,Rogers Trading,Mid-Market,Gauteng,Ecommerce,Net 30,S. Naidoo
CUST00441,Mcgee Trading,SMB,Gauteng,Distributor,Net 30,S. Naidoo
CUST00442,Fernandez Trading,SMB,Free State,Ecommerce,COD,T. Mokoena
CUST00443,Hernandez Trading,SMB,Western Cape,Wholesale,Net 15,L. van Wyk
CUST00444,Johnson Trading,SMB,Limpopo,Ecommerce,Net 45,A. Petersen
CUST00445,"Patel, Barrett and Adams",Enterprise,Free State,Wholesale,Net 15,A. Petersen
CUST00446,"Anderson, Rogers and Murphy",Enterprise,Gauteng,Distributor,Net 60,T. Mokoena
CUST00447,Gutierrez Trading,SMB,Free State,Retail,COD,A. Petersen
CUST00448,Daniel Inc,Enterprise,Western Cape,Wholesale,Net 15,T. Mokoena
CUST00449,Smith-Zimmerman,Enterprise,Eastern Cape,Retail,Net 15,A. Petersen
CUST00450,Wheeler Trading,SMB,Free State,Distributor,COD,L. van Wyk
CUST00451,West Trading,SMB,Eastern Cape,Distributor,Net 60,N. Dlamini
CUST00452,Carter Trading,Mid-Market,Limpopo,Ecommerce,COD,L. van Wyk
CUST00453,Gallagher Trading,SMB,Gauteng,Wholesale,Net 60,N. Dlamini
CUST00454,Gutierrez Trading,SMB,KwaZulu-Natal,Retail,Net 60,N. Dlamini
CUST00455,"Smith, Gamble and Miller",Enterprise,Gauteng,Distributor,COD,T. Mokoena
CUST00456,Farmer Trading,SMB,Western Cape,Distributor,Net 30,L. van Wyk
CUST00457,Banks Trading,SMB,Eastern Cape,Distributor,COD,A. Petersen
CUST00458,Edwards Trading,SMB,KwaZulu-Natal,Retail,Net 15,A. Petersen
CUST00459,Duffy Trading,SMB,Western Cape,Wholesale,COD,N. Dlamini
CUST00460,Graham-Becker,Key Account,Eastern Cape,Distributor,Net 60,L. van Wyk
CUST00461,"Bonilla, King and Arellano",Enterprise,Western Cape,Distributor,Net 30,S. Naidoo
CUST00462,Tate Trading,SMB,Limpopo,Retail,COD,L. van Wyk
CUST00463,Anderson Trading,Mid-Market,Gauteng,Wholesale,Net 15,N. Dlamini
CUST00464,Lloyd Trading,SMB,Gauteng,Distributor,Net 60,N. Dlamini
CUST00465,Prince Trading,SMB,Gauteng,Distributor,Net 45,S. Naidoo
CUST00466,Mejia Trading,SMB,Gauteng,Wholesale,Net 60,T. Mokoena
CUST00467,Page Trading,SMB,Limpopo,Ecommerce,Net 60,A. Petersen
CUST00468,Johnson Trading,Mid-Market,KwaZulu-Natal,Wholesale,Net 30,S. Naidoo
CUST00469,Morris Inc,Key Account,Free State,Wholesale,Net 45,T. Mokoena
CUST00470,Parks Trading,SMB,Free State,Wholesale,Net 45,A. Petersen
CUST00471,Thomas Trading,SMB,KwaZulu-Natal,Distributor,Net 60,T. Mokoena
CUST00472,Booth Trading,Mid-Market,Eastern Cape,Wholesale,Net 30,L. van Wyk
CUST00473,Beard Trading,SMB,Free State,Distributor,Net 15,S. Naidoo
CUST00474,Martin Trading,SMB,Limpopo,Wholesale,Net 45,N. Dlamini
CUST00475,Dunn Trading,Mid-Market,Eastern Cape,Wholesale,Net 45,S. Naidoo
CUST00476,Downs Trading,SMB,KwaZulu-Natal,Retail,Net 45,T. Mokoena
CUST00477,Lewis Trading,SMB,Limpopo,Wholesale,COD,T. Mokoena
CUST00478,Jones Trading,SMB,Free State,Retail,COD,S. Naidoo
CUST00479,"Reed, Bell and Duncan",Enterprise,Free State,Wholesale,Net 45,S. Naidoo
CUST00480,Wilkinson and Sons,Enterprise,KwaZulu-Natal,Ecommerce,COD,S. Naidoo
CUST00481,Martinez-Nelson,Enterprise,Limpopo,Retail,Net 45,S. Naidoo
CUST00482,Francis Trading,Mid-Market,Limpopo,Wholesale,Net 45,S. Naidoo
CUST00483,Nolan Trading,Mid-Market,KwaZulu-Natal,Distributor,Net 45,A. Petersen
CUST00484,Lewis Trading,Mid-Market,KwaZulu-Natal,Ecommerce,Net 30,A. Petersen
CUST00485,Benson Ltd,Enterprise,Eastern Cape,Retail,Net 45,T. Mokoena
CUST00486,"Nixon, Sanders and Flynn",Enterprise,KwaZulu-Natal,Ecommerce,Net 45,N. Dlamini
CUST00487,Rodriguez Trading,Mid-Market,Western Cape,Wholesale,COD,T. Mokoena
CUST00488,Gray Trading,Mid-Market,Free State,Distributor,Net 30,S. Naidoo
CUST00489,Lowery Trading,SMB,Western Cape,Distributor,Net 60,S. Naidoo
CUST00490,Price Trading,SMB,Limpopo,Ecommerce,Net 30,L. van Wyk
CUST00491,"Martin, Fowler and Thornton",Key Account,Limpopo,Distributor,Net 45,S. Naidoo
CUST00492,Johnson Trading,Mid-Market,KwaZulu-Natal,Wholesale,Net 15,A. Petersen
CUST00493,Powell Trading,SMB,Free State,Retail,Net 60,N. Dlamini
CUST00494,Mora Ltd,Enterprise,Gauteng,Retail,COD,L. van Wyk
CUST00495,Fitzpatrick Trading,SMB,Limpopo,Wholesale,COD,S. Naidoo
CUST00496,Maxwell Trading,SMB,Free State,Distributor,Net 30,N. Dlamini
CUST00497,Cantu Trading,Mid-Market,Limpopo,Distributor,Net 45,N. Dlamini
CUST00498,Warner Trading,SMB,Free State,Distributor,COD,N. Dlamini
CUST00499,Johnson Trading,SMB,KwaZulu-Natal,Ecommerce,COD,A. Petersen
CUST00500,"Torres, Hammond and Case",Enterprise,Limpopo,Distributor,Net 15,N. Dlamini
CUST00501,Hayden-Sanchez,Enterprise,Free State,Wholesale,Net 15,S. Naidoo
CUST00502,Brooks Trading,Mid-Market,KwaZulu-Natal,Ecommerce,Net 30,L. van Wyk
CUST00503,Estrada Trading,SMB,Eastern Cape,Distributor,Net 60,S. Naidoo
CUST00504,"Perez, Rivera and Robles",Key Account,Western Cape,Ecommerce,COD,N. Dlamini
CUST00505,Palmer Trading,SMB,Eastern Cape,Distributor,Net 60,L. van Wyk
CUST00506,Hamilton Trading,SMB,Gauteng,Wholesale,COD,L. van Wyk
CUST00507,Decker-Obrien,Enterprise,Limpopo,Ecommerce,Net 60,N. Dlamini
CUST00508,"Thompson, Porter and Green",Enterprise,Gauteng,Wholesale,Net 15,A. Petersen
CUST00509,Snyder Trading,SMB,Gauteng,Retail,Net 30,A. Petersen
CUST00510,Walker Trading,Mid-Market,Gauteng,Wholesale,Net 30,N. Dlamini
CUST00511,Wong Ltd,Key Account,Free State,Wholesale,Net 45,N. Dlamini
CUST00512,Huynh Trading,SMB,Free State,Wholesale,Net 60,L. van Wyk
CUST00513,Stewart Trading,Mid-Market,Free State,Ecommerce,Net 45,S. Naidoo
CUST00514,Thomas Trading,Mid-Market,Limpopo,Retail,Net 60,T. Mokoena
CUST00515,Boone Trading,SMB,Eastern Cape,Wholesale,COD,T. Mokoena
CUST00516,Clark Trading,Mid-Market,Free State,Distributor,Net 30,N. Dlamini
CUST00517,Olsen Trading,Mid-Market,Eastern Cape,Distributor,Net 15,T. Mokoena
CUST00518,Vaughn Trading,Mid-Market,Eastern Cape,Distributor,Net 15,A. Petersen
CUST00519,Carr Trading,Mid-Market,Gauteng,Ecommerce,Net 15,N. Dlamini
CUST00520,Johnson Trading,SMB,Western Cape,Distributor,Net 15,L. van Wyk
CUST00521,Pope Trading,SMB,Gauteng,Retail,COD,T. Mokoena
CUST00522,Fowler Trading,SMB,KwaZulu-Natal,Retail,Net 15,N. Dlamini
CUST00523,Wilson Trading,SMB,Eastern Cape,Distributor,COD,N. Dlamini
CUST00524,Garcia Trading,SMB,Free State,Retail,Net 60,A. Petersen
CUST00525,Chen Trading,Mid-Market,Eastern Cape,Retail,Net 30,L. van Wyk
CUST00526,Hale Trading,SMB,Gauteng,Wholesale,Net 60,A. Petersen
CUST00527,Molina Trading,SMB,Eastern Cape,Wholesale,Net 15,T. Mokoena
CUST00528,Vaughn Trading,SMB,Eastern Cape,Wholesale,COD,S. Naidoo
CUST00529,Russell Trading,SMB,Eastern Cape,Ecommerce,Net 45,N. Dlamini
CUST00530,Levy Trading,SMB,Western Cape,Distributor,Net 60,A. Petersen
CUST00531,Mcguire Trading,SMB,Gauteng,Wholesale,Net 30,N. Dlamini
CUST00532,Carroll Inc,Enterprise,KwaZulu-Natal,Distributor,Net 30,L. van Wyk
CUST00533,Fisher Trading,SMB,Limpopo,Wholesale,Net 30,T. Mokoena
CUST00534,Myers Trading,Mid-Market,Limpopo,Wholesale,Net 45,T. Mokoena
CUST00535,Warner Trading,SMB,Eastern Cape,Ecommerce,Net 30,L. van Wyk
CUST00536,Ford-Brown,Key Account,Western Cape,Ecommerce,Net 45,T. Mokoena
CUST00537,"Vang, Koch and Zimmerman",Enterprise,Eastern Cape,Ecommerce,COD,A. Petersen
CUST00538,Russell Trading,SMB,Free State,Wholesale,Net 60,N. Dlamini
CUST00539,"Keller, Thompson and Smith",Key Account,Eastern Cape,Wholesale,Net 45,T. Mokoena
CUST00540,Zuniga-Gutierrez,Enterprise,Gauteng,Distributor,Net 45,S. Naidoo
CUST00541,Foster Trading,Mid-Market,Western Cape,Ecommerce,Net 15,L. van Wyk
CUST00542,Scott Trading,Mid-Market,Gauteng,Distributor,Net 60,L. van Wyk
CUST00543,Hughes Trading,Mid-Market,Free State,Distributor,Net 60,N. Dlamini
CUST00544,Jenkins Trading,Mid-Market,KwaZulu-Natal,Retail,COD,S. Naidoo
CUST00545,Torres Trading,Mid-Market,KwaZulu-Natal,Wholesale,Net 60,N. Dlamini
CUST00546,Jackson Trading,Mid-Market,Limpopo,Distributor,Net 30,L. van Wyk
CUST00547,Nguyen Trading,SMB,Gauteng,Ecommerce,Net 15,A. Petersen
CUST00548,Cox Trading,Mid-Market,Free State,Wholesale,Net 45,T. Mokoena
CUST00549,Brown Trading,SMB,Limpopo,Wholesale,Net 30,N. Dlamini
CUST00550,Barnes Trading,SMB,KwaZulu-Natal,Distributor,COD,N. Dlamini
CUST00551,Solis-Sanchez,Enterprise,Limpopo,Wholesale,Net 30,T. Mokoena
CUST00552,White Trading,SMB,Western Cape,Distributor,Net 30,L. van Wyk
CUST00553,Sanders Trading,SMB,Limpopo,Distributor,Net 30,N. Dlamini
CUST00554,Thomas Trading,SMB,Limpopo,Retail,COD,T. Mokoena
CUST00555,Figueroa Trading,Mid-Market,Limpopo,Wholesale,Net 15,A. Petersen
CUST00556,Walton Trading,SMB,Western Cape,Ecommerce,Net 60,L. van Wyk
CUST00557,"Trujillo, Petty and Wallace",Key Account,Western Cape,Distributor,Net 15,S. Naidoo
CUST00558,Flores Trading,Mid-Market,Eastern Cape,Distributor,COD,A. Petersen
CUST00559,Grant and Sons,Enterprise,Eastern Cape,Distributor,Net 45,N. Dlamini
CUST00560,Allen Trading,Mid-Market,Western Cape,Ecommerce,COD,A. Petersen
CUST00561,Bonilla Trading,SMB,Free State,Wholesale,Net 30,T. Mokoena
CUST00562,Meyers Trading,SMB,Gauteng,Ecommerce,Net 45,A. Petersen
CUST00563,"Hull, Hendricks and Turner",Key Account,KwaZulu-Natal,Distributor,Net 60,L. van Wyk
CUST00564,Shannon Trading,Mid-Market,KwaZulu-Natal,Ecommerce,Net 45,A. Petersen
CUST00565,Dean Trading,SMB,Limpopo,Ecommerce,Net 60,A. Petersen
CUST00566,Myers Trading,SMB,Western Cape,Ecommerce,COD,S. Naidoo
CUST00567,Turner Trading,SMB,Western Cape,Ecommerce,Net 15,A. Petersen
CUST00568,Morris Trading,SMB,Free State,Wholesale,Net 60,L. van Wyk
CUST00569,Thompson Trading,SMB,Eastern Cape,Wholesale,Net 60,S. Naidoo
CUST00570,Cooke Trading,SMB,Western Cape,Wholesale,Net 30,L. van Wyk
CUST00571,Nelson Trading,Mid-Market,KwaZulu-Natal,Retail,Net 45,S. Naidoo
CUST00572,Olson Trading,SMB,Eastern Cape,Distributor,Net 45,L. van Wyk
CUST00573,Johnson Trading,SMB,Eastern Cape,Distributor,Net 15,N. Dlamini
CUST00574,Romero Trading,Mid-Market,Western Cape,Ecommerce,COD,T. Mokoena
CUST00575,Marshall Trading,SMB,KwaZulu-Natal,Wholesale,Net 45,A. Petersen
CUST00576,Rodriguez Trading,Mid-Market,Eastern Cape,Retail,Net 60,N. Dlamini
CUST00577,Calhoun Trading,SMB,Free State,Ecommerce,Net 60,N. Dlamini
CUST00578,Walker Trading,Mid-Market,Eastern Cape,Wholesale,Net 45,N. Dlamini
CUST00579,Melton Trading,Mid-Market,Limpopo,Wholesale,Net 30,N. Dlamini
CUST00580,James Trading,SMB,KwaZulu-Natal,Retail,Net 45,N. Dlamini
CUST00581,Nielsen Trading,Mid-Market,Western Cape,Wholesale,Net 60,T. Mokoena
CUST00582,Williams PLC,Enterprise,Free State,Distributor,Net 15,A. Petersen
CUST00583,Fitzpatrick Trading,SMB,Western Cape,Wholesale,COD,A. Petersen
CUST00584,Gonzalez Trading,SMB,KwaZulu-Natal,Wholesale,Net 30,T. Mokoena
CUST00585,Williams Trading,SMB,KwaZulu-Natal,Retail,Net 15,L. van Wyk
CUST00586,Miller-Hernandez,Enterprise,KwaZulu-Natal,Wholesale,Net 15,S. Naidoo
CUST00587,Roach Trading,SMB,KwaZulu-Natal,Wholesale,Net 45,L. van Wyk
CUST00588,Simpson Trading,SMB,Limpopo,Ecommerce,Net 45,L. van Wyk
CUST00589,Cruz Trading,SMB,Limpopo,Retail,Net 45,A. Petersen
CUST00590,Hernandez Trading,Mid-Market,Limpopo,Ecommerce,Net 45,L. van Wyk
CUST00591,Mendez Trading,SMB,Gauteng,Retail,Net 45,T. Mokoena
CUST00592,Carter and Sons,Enterprise,Free State,Distributor,Net 15,L. van Wyk
CUST00593,Hill-Steele,Enterprise,Eastern Cape,Ecommerce,Net 30,T. Mokoena
CUST00594,Miller Trading,SMB,Free State,Wholesale,Net 60,L. van Wyk
CUST00595,Andersen Trading,Mid-Market,Limpopo,Retail,COD,N. Dlamini
CUST00596,Hayden Trading,Mid-Market,Eastern Cape,Retail,COD,S. Naidoo
CUST00597,Nunez Trading,SMB,Gauteng,Distributor,Net 15,S. Naidoo
CUST00598,"Mata, Mcintosh and Mann",Enterprise,KwaZulu-Natal,Wholesale,Net 30,N. Dlamini
CUST00599,Mccoy Trading,Mid-Market,KwaZulu-Natal,Retail,Net 30,S. Naidoo
CUST00600,Johnson Trading,SMB,Limpopo,Ecommerce,Net 15,L. van Wyk
CUST00601,Murray Trading,Mid-Market,Limpopo,Retail,COD,S. Naidoo
CUST00602,Ortiz Trading,SMB,Western Cape,Wholesale,Net 60,L. van Wyk
CUST00603,Nguyen Trading,SMB,Limpopo,Ecommerce,COD,L. van Wyk
CUST00604,Banks Trading,Mid-Market,Eastern Cape,Retail,Net 15,L. van Wyk
CUST00605,Long Trading,SMB,Gauteng,Retail,Net 30,T. Mokoena
CUST00606,Scott-Russell,Enterprise,Western Cape,Distributor,Net 15,S. Naidoo
CUST00607,Mcpherson Trading,SMB,Free State,Retail,Net 60,S. Naidoo
CUST00608,Jackson Trading,SMB,Limpopo,Wholesale,Net 15,L. van Wyk
CUST00609,Harris Trading,Mid-Market,Eastern Cape,Wholesale,COD,N. Dlamini
CUST00610,Thomas Trading,SMB,Gauteng,Distributor,Net 30,L. van Wyk
CUST00611,Lang Trading,SMB,Western Cape,Wholesale,Net 30,N. Dlamini
CUST00612,Ponce Trading,SMB,Free State,Ecommerce,COD,T. Mokoena
CUST00613,Thompson Trading,SMB,Free State,Wholesale,Net 45,T. Mokoena
CUST00614,Lawrence Trading,Mid-Market,Western Cape,Distributor,Net 45,N. Dlamini
CUST00615,Deleon Trading,SMB,Limpopo,Retail,Net 60,N. Dlamini
CUST00616,Briggs PLC,Key Account,KwaZulu-Natal,Wholesale,Net 45,A. Petersen
CUST00617,Morales Trading,SMB,Free State,Wholesale,Net 45,N. Dlamini
CUST00618,Evans Trading,SMB,Gauteng,Retail,Net 30,S. Naidoo
CUST00619,Carter Trading,SMB,Gauteng,Distributor,Net 60,T. Mokoena
CUST00620,Weeks Trading,Mid-Market,Free State,Distributor,Net 45,L. van Wyk
CUST00621,Ortiz Trading,SMB,Free State,Wholesale,Net 30,N. Dlamini
CUST00622,Valentine Trading,SMB,Free State,Wholesale,Net 15,A. Petersen
CUST00623,Howard Trading,SMB,Free State,Retail,Net 30,L. van Wyk
CUST00624,Jones Trading,Mid-Market,Western Cape,Retail,Net 15,N. Dlamini
CUST00625,"Tran, Davis and Hall",Enterprise,Gauteng,Distributor,Net 60,A. Petersen
CUST00626,Martin Trading,SMB,Limpopo,Wholesale,COD,N. Dlamini
CUST00627,Long Trading,Mid-Market,Limpopo,Retail,Net 15,L. van Wyk
CUST00628,Sparks Group,Key Account,Free State,Ecommerce,Net 15,T. Mokoena
CUST00629,Dixon Trading,SMB,KwaZulu-Natal,Retail,COD,T. Mokoena
CUST00630,"Dalton, Salazar and Peterson",Enterprise,KwaZulu-Natal,Retail,Net 30,A. Petersen
CUST00631,Wilson Trading,Mid-Market,Eastern Cape,Distributor,Net 60,T. Mokoena
CUST00632,Smith Trading,SMB,Free State,Wholesale,Net 30,S. Naidoo
CUST00633,Howard Trading,SMB,Gauteng,Retail,Net 15,A. Petersen
CUST00634,Kennedy Trading,SMB,Gauteng,Wholesale,COD,L. van Wyk
CUST00635,Brown Trading,SMB,Western Cape,Wholesale,COD,A. Petersen
CUST00636,Medina Inc,Enterprise,Limpopo,Distributor,Net 15,T. Mokoena
CUST00637,Dean Trading,SMB,Limpopo,Ecommerce,Net 30,N. Dlamini
CUST00638,Brown Trading,Mid-Market,Gauteng,Retail,Net 15,S. Naidoo
CUST00639,Delacruz and Sons,Enterprise,Gauteng,Distributor,COD,L. van Wyk
CUST00640,"Webster, Alvarado and Spencer",Enterprise,KwaZulu-Natal,Ecommerce,COD,A. Petersen
CUST00641,Allen Trading,SMB,KwaZulu-Natal,Wholesale,Net 30,A. Petersen
CUST00642,Gilbert Trading,Mid-Market,Limpopo,Wholesale,Net 45,T. Mokoena
CUST00643,Grant Trading,Mid-Market,Eastern Cape,Wholesale,Net 60,S. Naidoo
CUST00644,Gonzalez Trading,SMB,Eastern Cape,Retail,Net 15,A. Petersen
CUST00645,Rivera Trading,SMB,Limpopo,Retail,Net 30,N. Dlamini
CUST00646,Franco Trading,Mid-Market,Eastern Cape,Ecommerce,COD,S. Naidoo
CUST00647,Edwards Trading,SMB,Western Cape,Distributor,Net 45,N. Dlamini
CUST00648,Smith Group,Key Account,Western Cape,Ecommerce,COD,N. Dlamini
CUST00649,Curtis-Thomas,Enterprise,Free State,Distributor,Net 30,L. van Wyk
CUST00650,Armstrong LLC,Key Account,Gauteng,Retail,Net 60,S. Naidoo
CUST00651,Romero Trading,Mid-Market,Eastern Cape,Retail,Net 60,A. Petersen
CUST00652,Pena Trading,SMB,Limpopo,Wholesale,Net 15,T. Mokoena
CUST00653,Shaw Trading,SMB,KwaZulu-Natal,Distributor,Net 30,T. Mokoena
CUST00654,Bennett Trading,SMB,Western Cape,Retail,Net 15,S. Naidoo
CUST00655,Gardner Trading,Mid-Market,Free State,Retail,Net 15,N. Dlamini
CUST00656,Scott Trading,SMB,Eastern Cape,Ecommerce,Net 45,N. Dlamini
CUST00657,Norton Trading,SMB,Western Cape,Distributor,Net 30,L. van Wyk
CUST00658,Oconnell Trading,SMB,Gauteng,Retail,Net 15,T. Mokoena
CUST00659,Davis-Wilkerson,Enterprise,Limpopo,Retail,Net 15,T. Mokoena
CUST00660,White Trading,SMB,Limpopo,Wholesale,Net 30,L. van Wyk
CUST00661,Vaughn Trading,SMB,Limpopo,Ecommerce,Net 30,S. Naidoo
CUST00662,Beck Trading,SMB,Eastern Cape,Distributor,Net 60,A. Petersen
CUST00663,Green Trading,SMB,Eastern Cape,Retail,Net 15,N. Dlamini
CUST00664,Sanchez Trading,SMB,Western Cape,Wholesale,Net 15,L. van Wyk
CUST00665,Gibson Trading,SMB,Limpopo,Retail,Net 60,A. Petersen
CUST00666,Smith Trading,SMB,Gauteng,Retail,COD,S. Naidoo
CUST00667,Riley-Randolph,Enterprise,Eastern Cape,Wholesale,COD,T. Mokoena
CUST00668,Cruz Trading,SMB,Eastern Cape,Retail,Net 15,A. Petersen
CUST00669,Gomez Trading,SMB,Limpopo,Distributor,Net 45,N. Dlamini
CUST00670,Leach Trading,SMB,Eastern Cape,Wholesale,Net 30,S. Naidoo
CUST00671,Maxwell and Sons,Enterprise,KwaZulu-Natal,Ecommerce,Net 45,S. Naidoo
CUST00672,Brown Trading,SMB,Free State,Wholesale,Net 30,L. van Wyk
CUST00673,Wheeler Trading,SMB,Free State,Distributor,COD,N. Dlamini
CUST00674,Roberts Trading,SMB,Western Cape,Distributor,Net 15,A. Petersen
CUST00675,Smith Trading,SMB,Free State,Retail,Net 45,T. Mokoena
CUST00676,Ortega Trading,SMB,Eastern Cape,Ecommerce,Net 60,A. Petersen
CUST00677,Jones Trading,SMB,KwaZulu-Natal,Wholesale,COD,T. Mokoena
CUST00678,Sanford Trading,Mid-Market,Gauteng,Ecommerce,COD,L. van Wyk
CUST00679,Swanson Trading,SMB,Free State,Wholesale,Net 15,N. Dlamini
CUST00680,Nguyen Trading,SMB,Western Cape,Ecommerce,Net 60,N. Dlamini
CUST00681,Fisher Trading,Mid-Market,Western Cape,Distributor,Net 30,S. Naidoo
CUST00682,Murphy Trading,SMB,Free State,Ecommerce,Net 30,A. Petersen
CUST00683,Moreno Trading,SMB,Limpopo,Ecommerce,Net 60,A. Petersen
CUST00684,Jackson Trading,SMB,Western Cape,Distributor,Net 60,T. Mokoena
CUST00685,Anderson Trading,SMB,Gauteng,Retail,COD,S. Naidoo
CUST00686,Erickson Trading,Mid-Market,Gauteng,Distributor,COD,T. Mokoena
CUST00687,Parker-Blake,Enterprise,Western Cape,Wholesale,Net 30,S. Naidoo
CUST00688,Rice Inc,Enterprise,KwaZulu-Natal,Retail,COD,S. Naidoo
CUST00689,Elliott Trading,Mid-Market,Western Cape,Retail,Net 60,T. Mokoena
CUST00690,Robbins Ltd,Key Account,KwaZulu-Natal,Distributor,Net 60,N. Dlamini
CUST00691,Phillips Trading,SMB,KwaZulu-Natal,Wholesale,Net 15,L. van Wyk
CUST00692,Richardson Trading,Mid-Market,Eastern Cape,Ecommerce,Net 15,A. Petersen
CUST00693,Baker Trading,Mid-Market,Free State,Ecommerce,Net 15,A. Petersen
CUST00694,Sosa-Newman,Enterprise,Eastern Cape,Ecommerce,Net 30,S. Naidoo
CUST00695,Hess Trading,SMB,Gauteng,Distributor,Net 60,N. Dlamini
CUST00696,Powers Trading,SMB,KwaZulu-Natal,Wholesale,Net 60,N. Dlamini
CUST00697,"Cervantes, Wilson and Huang",Enterprise,Western Cape,Ecommerce,COD,S. Naidoo
CUST00698,Santiago Trading,SMB,KwaZulu-Natal,Wholesale,COD,T. Mokoena
CUST00699,Allison Trading,SMB,KwaZulu-Natal,Wholesale,Net 15,N. Dlamini
CUST00700,Coleman Trading,SMB,Gauteng,Retail,COD,L. van Wyk
CUST00701,Torres Trading,SMB,Eastern Cape,Wholesale,Net 45,L. van Wyk
CUST00702,Payne Group,Enterprise,KwaZulu-Natal,Distributor,COD,L. van Wyk
CUST00703,Novak Trading,Mid-Market,Free State,Wholesale,Net 15,L. van Wyk
CUST00704,Snow Trading,SMB,Gauteng,Ecommerce,COD,T. Mokoena
CUST00705,Jones Trading,SMB,Gauteng,Retail,Net 30,S. Naidoo
CUST00706,Pacheco-Franco,Enterprise,Western Cape,Retail,Net 60,N. Dlamini
CUST00707,Lee Trading,SMB,Free State,Distributor,COD,L. van Wyk
CUST00708,Bennett LLC,Enterprise,Western Cape,Distributor,Net 15,N. Dlamini
CUST00709,Santos Trading,SMB,Western Cape,Wholesale,Net 45,A. Petersen
CUST00710,Thompson Trading,Mid-Market,Limpopo,Ecommerce,Net 30,T. Mokoena
CUST00711,Nichols Trading,SMB,Gauteng,Distributor,Net 60,A. Petersen
CUST00712,"Miller, Reynolds and Robinson",Enterprise,Western Cape,Retail,Net 30,N. Dlamini
CUST00713,Lowe Trading,SMB,KwaZulu-Natal,Distributor,Net 15,N. Dlamini
CUST00714,Graves Trading,SMB,Western Cape,Ecommerce,COD,L. van Wyk
CUST00715,Robinson-Bryant,Enterprise,KwaZulu-Natal,Distributor,Net 45,L. van Wyk
CUST00716,Bennett Inc,Enterprise,KwaZulu-Natal,Retail,Net 60,L. van Wyk
CUST00717,Dunn Trading,SMB,Eastern Cape,Ecommerce,Net 15,L. van Wyk
CUST00718,Gibson Trading,SMB,Eastern Cape,Distributor,Net 30,S. Naidoo
CUST00719,"Johnson, Brown and Rodriguez",Enterprise,Free State,Retail,Net 15,N. Dlamini
CUST00720,Hughes Trading,SMB,KwaZulu-Natal,Distributor,Net 60,S. Naidoo
CUST00721,Bishop Trading,Mid-Market,Eastern Cape,Distributor,Net 60,L. van Wyk
CUST00722,May Trading,Mid-Market,Western Cape,Distributor,Net 30,N. Dlamini
CUST00723,Woods Trading,SMB,Limpopo,Retail,Net 60,A. Petersen
CUST00724,"Hall, Waters and Cardenas",Enterprise,Free State,Wholesale,COD,L. van Wyk
CUST00725,Hunter Trading,SMB,Western Cape,Wholesale,Net 15,S. Naidoo
CUST00726,Murray Trading,SMB,Gauteng,Distributor,Net 15,S. Naidoo
CUST00727,Hoffman-Ramirez,Enterprise,KwaZulu-Natal,Ecommerce,COD,N. Dlamini
CUST00728,Anderson Trading,SMB,Eastern Cape,Ecommerce,Net 30,A. Petersen
CUST00729,Fletcher Trading,SMB,Gauteng,Distributor,COD,L. van Wyk
CUST00730,Bullock Trading,SMB,Free State,Retail,COD,A. Petersen
CUST00731,Paul Trading,Mid-Market,KwaZulu-Natal,Ecommerce,Net 45,T. Mokoena
CUST00732,Craig Trading,SMB,Eastern Cape,Distributor,COD,S. Naidoo
CUST00733,Wright Trading,SMB,Western Cape,Distributor,COD,L. van Wyk
CUST00734,Burton Inc,Enterprise,KwaZulu-Natal,Wholesale,COD,L. van Wyk
CUST00735,Reed-Crawford,Enterprise,KwaZulu-Natal,Retail,Net 30,T. Mokoena
CUST00736,Weaver Trading,SMB,Eastern Cape,Retail,Net 15,S. Naidoo
CUST00737,White Trading,SMB,Limpopo,Distributor,Net 30,T. Mokoena
CUST00738,Clark Trading,Mid-Market,Free State,Retail,Net 15,L. van Wyk
CUST00739,Mitchell Trading,SMB,Eastern Cape,Distributor,Net 60,T. Mokoena
CUST00740,Howard and Sons,Enterprise,Free State,Wholesale,COD,T. Mokoena
CUST00741,Diaz Trading,Mid-Market,Eastern Cape,Wholesale,Net 60,A. Petersen
CUST00742,Potts Trading,SMB,Western Cape,Wholesale,COD,S. Naidoo
CUST00743,Hatfield Trading,SMB,Gauteng,Ecommerce,Net 15,T. Mokoena
CUST00744,Soto Trading,SMB,Eastern Cape,Distributor,COD,N. Dlamini
CUST00745,Bush Trading,SMB,Eastern Cape,Distributor,Net 15,L. van Wyk
CUST00746,Curry Trading,Mid-Market,KwaZulu-Natal,Ecommerce,Net 15,T. Mokoena
CUST00747,Escobar Trading,Mid-Market,Limpopo,Retail,Net 30,N. Dlamini
CUST00748,Gaines Trading,SMB,Western Cape,Wholesale,Net 15,S. Naidoo
CUST00749,Smith Trading,Mid-Market,KwaZulu-Natal,Distributor,Net 60,N. Dlamini
CUST00750,Whitaker Ltd,Enterprise,Limpopo,Retail,Net 45,S. Naidoo
CUST00751,Jensen Trading,Mid-Market,Free State,Retail,Net 15,T. Mokoena
CUST00752,Young Trading,Mid-Market,KwaZulu-Natal,Ecommerce,Net 45,L. van Wyk
CUST00753,Gibson Group,Enterprise,Eastern Cape,Ecommerce,Net 15,L. van Wyk
CUST00754,Zamora Trading,SMB,Free State,Distributor,Net 60,N. Dlamini
CUST00755,Stone Trading,SMB,Limpopo,Ecommerce,Net 60,A. Petersen
CUST00756,Wagner Trading,Mid-Market,KwaZulu-Natal,Retail,Net 45,N. Dlamini
CUST00757,Bush Trading,SMB,KwaZulu-Natal,Ecommerce,Net 30,T. Mokoena
CUST00758,Mendoza Trading,Mid-Market,Limpopo,Ecommerce,Net 15,S. Naidoo
CUST00759,Smith Trading,SMB,Western Cape,Retail,Net 60,L. van Wyk
CUST00760,Deleon Trading,Mid-Market,Limpopo,Wholesale,COD,L. van Wyk
CUST00761,Moore Group,Key Account,KwaZulu-Natal,Distributor,Net 45,L. van Wyk
CUST00762,Davis Trading,Mid-Market,Free State,Wholesale,Net 30,S. Naidoo
CUST00763,Andrews Trading,Mid-Market,Limpopo,Distributor,Net 30,A. Petersen
CUST00764,Miller Trading,SMB,Western Cape,Wholesale,Net 30,N. Dlamini
CUST00765,Walter Trading,SMB,Limpopo,Ecommerce,Net 60,S. Naidoo
CUST00766,"Stewart, Hines and Brown",Enterprise,KwaZulu-Natal,Retail,Net 15,T. Mokoena
CUST00767,Le Trading,SMB,KwaZulu-Natal,Distributor,Net 30,T. Mokoena
CUST00768,Eaton Trading,SMB,KwaZulu-Natal,Distributor,COD,L. van Wyk
CUST00769,Watkins Trading,SMB,Limpopo,Retail,Net 45,S. Naidoo
CUST00770,Murray Trading,SMB,Limpopo,Distributor,Net 60,T. Mokoena
CUST00771,Whitaker Trading,SMB,Western Cape,Wholesale,Net 15,T. Mokoena
CUST00772,Hudson Trading,SMB,Free State,Distributor,Net 15,T. Mokoena
CUST00773,"Moore, Wilcox and Johnson",Enterprise,Western Cape,Retail,Net 45,T. Mokoena
CUST00774,Malone Trading,Mid-Market,Western Cape,Ecommerce,COD,N. Dlamini
CUST00775,Gutierrez Trading,SMB,Western Cape,Wholesale,Net 60,S. Naidoo
CUST00776,Mejia Trading,SMB,Gauteng,Wholesale,Net 60,L. van Wyk
CUST00777,Fowler Trading,Mid-Market,Eastern Cape,Distributor,Net 45,L. van Wyk
CUST00778,Rogers Trading,SMB,Free State,Wholesale,Net 30,N. Dlamini
CUST00779,"Nguyen, Davenport and Montgomery",Enterprise,Free State,Wholesale,COD,N. Dlamini
CUST00780,Whitaker Trading,Mid-Market,Western Cape,Wholesale,Net 30,T. Mokoena
CUST00781,Mcbride Trading,SMB,Eastern Cape,Ecommerce,Net 15,N. Dlamini
CUST00782,Lopez PLC,Enterprise,KwaZulu-Natal,Ecommerce,Net 45,A. Petersen
CUST00783,Vega Trading,Mid-Market,KwaZulu-Natal,Distributor,Net 15,T. Mokoena
CUST00784,Moreno Ltd,Key Account,Eastern Cape,Ecommerce,Net 15,S. Naidoo
CUST00785,Wilson-Brown,Enterprise,Eastern Cape,Retail,Net 15,S. Naidoo
CUST00786,Pierce Trading,Mid-Market,Western Cape,Wholesale,COD,A. Petersen
CUST00787,Gutierrez Trading,SMB,Gauteng,Ecommerce,COD,L. van Wyk
CUST00788,Martinez PLC,Enterprise,KwaZulu-Natal,Retail,Net 60,N. Dlamini
CUST00789,Jones Trading,Mid-Market,Limpopo,Retail,COD,N. Dlamini
CUST00790,Hamilton Trading,SMB,Eastern Cape,Retail,Net 60,T. Mokoena
CUST00791,Robinson Trading,SMB,Western Cape,Wholesale,COD,T. Mokoena
CUST00792,Burton Trading,SMB,Gauteng,Ecommerce,Net 60,A. Petersen
CUST00793,Solis Trading,Mid-Market,Eastern Cape,Retail,Net 60,A. Petersen
CUST00794,Wallace Trading,SMB,Gauteng,Retail,Net 45,S. Naidoo
CUST00795,Stout Trading,Mid-Market,KwaZulu-Natal,Wholesale,Net 30,L. van Wyk
CUST00796,Smith Trading,SMB,Gauteng,Distributor,Net 15,L. van Wyk
CUST00797,Thornton Trading,SMB,Gauteng,Retail,COD,N. Dlamini
CUST00798,"Mata, Allen and Clark",Enterprise,Limpopo,Distributor,Net 15,N. Dlamini
CUST00799,Atkinson Trading,Mid-Market,Gauteng,Retail,Net 30,S. Naidoo
CUST00800,Webster Trading,SMB,KwaZulu-Natal,Ecommerce,Net 45,N. Dlamini
CUST00801,Perry Trading,SMB,Western Cape,Retail,Net 30,T. Mokoena
CUST00802,Daniels-Schaefer,Enterprise,KwaZulu-Natal,Distributor,COD,N. Dlamini
CUST00803,Johnson Ltd,Enterprise,Gauteng,Retail,Net 15,S. Naidoo
CUST00804,Bryant Trading,SMB,Eastern Cape,Ecommerce,COD,T. Mokoena
CUST00805,"Giles, Perkins and Cortez",Enterprise,Western Cape,Retail,Net 45,L. van Wyk
CUST00806,Bates Group,Key Account,KwaZulu-Natal,Distributor,Net 45,L. van Wyk
CUST00807,Walters Trading,Mid-Market,Western Cape,Retail,Net 15,N. Dlamini
CUST00808,Hancock-Sanchez,Key Account,Western Cape,Retail,Net 45,A. Petersen
CUST00809,Brooks Trading,SMB,Free State,Distributor,Net 15,A. Petersen
CUST00810,Suarez Trading,SMB,KwaZulu-Natal,Retail,Net 15,L. van Wyk
CUST00811,Santiago Inc,Enterprise,Gauteng,Distributor,Net 45,N. Dlamini
CUST00812,Waters Trading,SMB,Limpopo,Ecommerce,COD,A. Petersen
CUST00813,Anderson Trading,Mid-Market,Free State,Wholesale,Net 30,A. Petersen
CUST00814,Huffman Trading,SMB,Limpopo,Retail,Net 45,S. Naidoo
CUST00815,Carroll Trading,SMB,Limpopo,Distributor,Net 15,A. Petersen
CUST00816,"Williams, Zhang and Baker",Enterprise,Free State,Retail,COD,S. Naidoo
CUST00817,Thomas Trading,SMB,Eastern Cape,Distributor,Net 15,N. Dlamini
CUST00818,Kelly Trading,Mid-Market,KwaZulu-Natal,Wholesale,Net 30,T. Mokoena
CUST00819,Jennings Trading,SMB,Western Cape,Distributor,Net 45,S. Naidoo
CUST00820,Richards Trading,SMB,Eastern Cape,Distributor,COD,L. van Wyk
CUST00821,Gutierrez Trading,SMB,Gauteng,Distributor,COD,N. Dlamini
CUST00822,Shaffer Trading,SMB,Gauteng,Retail,COD,A. Petersen
CUST00823,Nguyen Inc,Key Account,Limpopo,Ecommerce,Net 60,A. Petersen
CUST00824,Silva Trading,SMB,Limpopo,Distributor,Net 30,T. Mokoena
CUST00825,"Pratt, Willis and Medina",Enterprise,Western Cape,Distributor,Net 30,A. Petersen
CUST00826,Cook Trading,Mid-Market,Free State,Distributor,Net 30,L. van Wyk
CUST00827,Garcia Trading,SMB,Limpopo,Wholesale,COD,T. Mokoena
CUST00828,Daniel Trading,SMB,Limpopo,Ecommerce,Net 60,A. Petersen
CUST00829,Hall Trading,SMB,Gauteng,Retail,Net 15,L. van Wyk
CUST00830,Kelly Trading,SMB,Limpopo,Distributor,COD,T. Mokoena
CUST00831,Anderson Trading,Mid-Market,Western Cape,Retail,Net 45,S. Naidoo
CUST00832,Jones Trading,SMB,Western Cape,Ecommerce,COD,L. van Wyk
CUST00833,Malone Trading,SMB,Limpopo,Retail,Net 45,L. van Wyk
CUST00834,Jones Trading,Mid-Market,Free State,Wholesale,Net 45,N. Dlamini
CUST00835,Martin Trading,SMB,Gauteng,Distributor,Net 60,L. van Wyk
CUST00836,"Scott, Mercer and Thomas",Enterprise,Western Cape,Wholesale,Net 15,N. Dlamini
CUST00837,Holmes Trading,SMB,Free State,Ecommerce,Net 60,L. van Wyk
CUST00838,Beck Trading,SMB,Free State,Wholesale,Net 30,L. van Wyk
CUST00839,Espinoza PLC,Key Account,KwaZulu-Natal,Distributor,Net 15,S. Naidoo
CUST00840,Shea Trading,SMB,Limpopo,Ecommerce,Net 60,T. Mokoena
CUST00841,Pittman Trading,Mid-Market,Free State,Wholesale,Net 15,S. Naidoo
CUST00842,Davis Trading,Mid-Market,KwaZulu-Natal,Ecommerce,Net 15,S. Naidoo
CUST00843,Russell Trading,SMB,Limpopo,Ecommerce,COD,T. Mokoena
CUST00844,Lewis Trading,Mid-Market,Free State,Distributor,Net 60,T. Mokoena
CUST00845,"Davis, Harris and Rodriguez",Enterprise,Eastern Cape,Retail,Net 60,N. Dlamini
CUST00846,Reyes Trading,SMB,Western Cape,Retail,COD,S. Naidoo
CUST00847,Jackson Trading,SMB,Western Cape,Ecommerce,Net 30,S. Naidoo
CUST00848,Smith LLC,Enterprise,Limpopo,Ecommerce,Net 15,A. Petersen
CUST00849,Holland Trading,SMB,Eastern Cape,Retail,Net 60,A. Petersen
CUST00850,Armstrong-Miller,Enterprise,Limpopo,Distributor,Net 15,A. Petersen
CUST00851,Anderson Trading,Mid-Market,Limpopo,Ecommerce,COD,L. van Wyk
CUST00852,Phelps Trading,SMB,Limpopo,Ecommerce,Net 60,N. Dlamini
CUST00853,Contreras Trading,SMB,KwaZulu-Natal,Wholesale,Net 60,L. van Wyk
CUST00854,White Group,Enterprise,Limpopo,Ecommerce,Net 60,A. Petersen
CUST00855,Gutierrez Trading,Mid-Market,Western Cape,Wholesale,Net 30,L. van Wyk
CUST00856,Harper Trading,SMB,Limpopo,Retail,Net 15,S. Naidoo
CUST00857,Eaton Trading,Mid-Market,Gauteng,Distributor,COD,L. van Wyk
CUST00858,Chavez Trading,SMB,KwaZulu-Natal,Wholesale,Net 15,A. Petersen
CUST00859,Smith-Garcia,Enterprise,Gauteng,Ecommerce,Net 45,S. Naidoo
CUST00860,Miller Trading,SMB,KwaZulu-Natal,Retail,Net 60,T. Mokoena
CUST00861,Hamilton Trading,SMB,Free State,Ecommerce,COD,T. Mokoena
CUST00862,Robbins Trading,SMB,Western Cape,Retail,Net 60,S. Naidoo
CUST00863,Brooks Trading,SMB,Free State,Distributor,COD,T. Mokoena
CUST00864,Mitchell Trading,SMB,Western Cape,Ecommerce,Net 30,T. Mokoena
CUST00865,Mitchell Trading,SMB,Free State,Distributor,Net 60,N. Dlamini
CUST00866,Phelps Trading,SMB,KwaZulu-Natal,Distributor,Net 15,A. Petersen
CUST00867,Lewis Ltd,Enterprise,Western Cape,Retail,Net 30,L. van Wyk
CUST00868,"Jones, Johnston and Hernandez",Enterprise,Gauteng,Distributor,Net 30,A. Petersen
CUST00869,Hoover Trading,Mid-Market,Gauteng,Ecommerce,Net 60,A. Petersen
CUST00870,Avila Trading,SMB,Gauteng,Ecommerce,Net 15,T. Mokoena
CUST00871,Glass Trading,SMB,Gauteng,Wholesale,Net 60,A. Petersen
CUST00872,Hancock Trading,SMB,Gauteng,Wholesale,Net 15,L. van Wyk
CUST00873,Mccarthy-Buck,Enterprise,Western Cape,Distributor,COD,S. Naidoo
CUST00874,Thomas Trading,SMB,Limpopo,Ecommerce,COD,N. Dlamini
CUST00875,Reid Trading,SMB,Western Cape,Ecommerce,Net 60,N. Dlamini
CUST00876,Bailey Trading,Mid-Market,Western Cape,Ecommerce,Net 45,L. van Wyk
CUST00877,Cardenas Trading,SMB,Eastern Cape,Distributor,Net 30,N. Dlamini
CUST00878,Garcia Trading,SMB,Gauteng,Retail,Net 60,N. Dlamini
CUST00879,Hanson Trading,Mid-Market,Free State,Retail,COD,T. Mokoena
CUST00880,Miranda PLC,Enterprise,Gauteng,Ecommerce,Net 30,A. Petersen
CUST00881,Mata Trading,SMB,Eastern Cape,Distributor,Net 45,N. Dlamini
CUST00882,Carroll Trading,SMB,Free State,Wholesale,Net 15,L. van Wyk
CUST00883,Lawrence Trading,Mid-Market,Free State,Ecommerce,Net 15,T. Mokoena
CUST00884,Holden Trading,Mid-Market,Limpopo,Ecommerce,COD,A. Petersen
CUST00885,"Olson, Reid and Elliott",Enterprise,Western Cape,Retail,COD,N. Dlamini
CUST00886,Coffey Trading,Mid-Market,Eastern Cape,Retail,Net 30,S. Naidoo
CUST00887,Morrow Trading,Mid-Market,Limpopo,Ecommerce,Net 15,L. van Wyk
CUST00888,Patterson-Koch,Enterprise,Free State,Wholesale,Net 15,S. Naidoo
CUST00889,Smith Trading,SMB,KwaZulu-Natal,Wholesale,COD,S. Naidoo
CUST00890,Jefferson Trading,Mid-Market,Free State,Retail,Net 60,L. van Wyk
CUST00891,Andrews Trading,Mid-Market,Gauteng,Ecommerce,COD,T. Mokoena
CUST00892,Young Trading,SMB,Limpopo,Distributor,Net 30,T. Mokoena
CUST00893,Smith Trading,SMB,Limpopo,Wholesale,COD,T. Mokoena
CUST00894,Taylor Trading,Mid-Market,Western Cape,Ecommerce,Net 45,L. van Wyk
CUST00895,Clark Trading,SMB,Limpopo,Ecommerce,Net 60,S. Naidoo
CUST00896,Yates Trading,Mid-Market,KwaZulu-Natal,Ecommerce,Net 45,S. Naidoo
CUST00897,Garner Trading,SMB,Western Cape,Wholesale,Net 45,T. Mokoena
CUST00898,"Armstrong, Chen and Wheeler",Enterprise,Western Cape,Ecommerce,Net 45,L. van Wyk
CUST00899,Lewis Trading,SMB,KwaZulu-Natal,Distributor,Net 60,N. Dlamini
CUST00900,Mitchell Trading,SMB,Free State,Retail,Net 30,S. Naidoo
CUST00901,Dunn-Porter,Enterprise,Western Cape,Ecommerce,COD,N. Dlamini
CUST00902,"Haley, Sanchez and Cox",Enterprise,Free State,Retail,Net 60,A. Petersen
CUST00903,Blankenship Trading,SMB,Free State,Wholesale,COD,A. Petersen
CUST00904,Smith Trading,SMB,Free State,Distributor,Net 15,T. Mokoena
CUST00905,Jackson Trading,SMB,Free State,Ecommerce,Net 15,L. van Wyk
CUST00906,Bowen Trading,SMB,Gauteng,Distributor,Net 30,A. Petersen
CUST00907,Gordon Trading,SMB,Western Cape,Wholesale,Net 60,S. Naidoo
CUST00908,Andrews Trading,SMB,Western Cape,Wholesale,Net 45,T. Mokoena
CUST00909,Tran Trading,SMB,Eastern Cape,Wholesale,COD,T. Mokoena
CUST00910,Johnson Trading,SMB,Gauteng,Wholesale,Net 60,T. Mokoena
CUST00911,Sanders Trading,SMB,Eastern Cape,Retail,COD,T. Mokoena
CUST00912,Madden Trading,SMB,Free State,Ecommerce,Net 30,A. Petersen
CUST00913,Alvarez Trading,SMB,Western Cape,Distributor,Net 45,T. Mokoena
CUST00914,Chavez Trading,Mid-Market,Gauteng,Ecommerce,Net 45,S. Naidoo
CUST00915,Mcgee Trading,SMB,KwaZulu-Natal,Ecommerce,Net 45,L. van Wyk
CUST00916,Boyd-Fleming,Enterprise,Gauteng,Wholesale,Net 45,S. Naidoo
CUST00917,Wang Trading,SMB,Free State,Ecommerce,Net 15,S. Naidoo
CUST00918,Meyer Trading,SMB,KwaZulu-Natal,Retail,Net 15,L. van Wyk
CUST00919,White and Sons,Enterprise,Limpopo,Retail,Net 45,L. van Wyk
CUST00920,Stanley Trading,SMB,Free State,Wholesale,Net 45,N. Dlamini
CUST00921,Olsen Trading,SMB,Western Cape,Wholesale,Net 15,A. Petersen
CUST00922,Drake Trading,SMB,Free State,Wholesale,COD,S. Naidoo
CUST00923,Cohen Trading,SMB,Western Cape,Distributor,Net 60,A. Petersen
CUST00924,Mcdaniel Trading,Mid-Market,Limpopo,Ecommerce,COD,S. Naidoo
CUST00925,Carson Trading,SMB,Eastern Cape,Distributor,Net 15,S. Naidoo
CUST00926,"Buckley, Reyes and Powell",Enterprise,Free State,Wholesale,Net 60,S. Naidoo
CUST00927,Perez Trading,Mid-Market,Free State,Ecommerce,Net 15,T. Mokoena
CUST00928,Cummings Group,Enterprise,Free State,Retail,Net 15,L. van Wyk
CUST00929,Quinn Trading,SMB,Gauteng,Retail,Net 15,A. Petersen
CUST00930,Rodriguez Inc,Enterprise,Free State,Distributor,Net 15,A. Petersen
CUST00931,Tanner Trading,SMB,Eastern Cape,Retail,Net 60,A. Petersen
CUST00932,Pearson Trading,Mid-Market,Gauteng,Distributor,Net 15,A. Petersen
CUST00933,Taylor Trading,SMB,Gauteng,Distributor,Net 60,L. van Wyk
CUST00934,Smith Trading,SMB,Gauteng,Distributor,Net 15,L. van Wyk
CUST00935,Carpenter Trading,Mid-Market,Eastern Cape,Ecommerce,Net 60,A. Petersen
CUST00936,Smith Trading,SMB,Western Cape,Ecommerce,Net 45,S. Naidoo
CUST00937,Pratt-Hall,Enterprise,Gauteng,Ecommerce,Net 60,A. Petersen
CUST00938,Cole Trading,SMB,Western Cape,Retail,COD,A. Petersen
CUST00939,Sullivan Trading,SMB,Free State,Retail,Net 45,S. Naidoo
CUST00940,Mcintyre Trading,Mid-Market,KwaZulu-Natal,Distributor,Net 30,N. Dlamini
CUST00941,Reid Trading,SMB,Limpopo,Ecommerce,Net 30,A. Petersen
CUST00942,Erickson Trading,SMB,KwaZulu-Natal,Ecommerce,Net 45,S. Naidoo
CUST00943,Ramos Trading,SMB,Free State,Distributor,Net 15,T. Mokoena
CUST00944,Rodriguez Trading,Mid-Market,Eastern Cape,Ecommerce,Net 30,A. Petersen
CUST00945,Garner Trading,SMB,Limpopo,Distributor,Net 15,N. Dlamini
CUST00946,Campbell Trading,Mid-Market,Eastern Cape,Wholesale,COD,S. Naidoo
CUST00947,Lara Trading,SMB,KwaZulu-Natal,Retail,Net 15,L. van Wyk
CUST00948,Williamson-Long,Key Account,Gauteng,Retail,Net 15,L. van Wyk
CUST00949,Leach-Gonzalez,Enterprise,Eastern Cape,Retail,COD,T. Mokoena
CUST00950,Hendrix Trading,SMB,Gauteng,Retail,Net 45,L. van Wyk
CUST00951,Rowe Trading,Mid-Market,Free State,Ecommerce,Net 60,N. Dlamini
CUST00952,Chapman Group,Enterprise,Western Cape,Distributor,Net 45,N. Dlamini
CUST00953,Cook Trading,SMB,Limpopo,Ecommerce,Net 15,N. Dlamini
CUST00954,Ramirez Trading,Mid-Market,Free State,Wholesale,Net 60,S. Naidoo
CUST00955,Spence Trading,Mid-Market,KwaZulu-Natal,Wholesale,COD,S. Naidoo
CUST00956,Lara Trading,SMB,KwaZulu-Natal,Distributor,Net 30,L. van Wyk
CUST00957,Peterson Trading,SMB,Western Cape,Retail,COD,N. Dlamini
CUST00958,Richardson Trading,SMB,Limpopo,Ecommerce,Net 30,T. Mokoena
CUST00959,Pacheco Trading,SMB,Western Cape,Distributor,Net 45,A. Petersen
CUST00960,Kidd Trading,SMB,Western Cape,Distributor,Net 60,N. Dlamini
CUST00961,Morgan Trading,Mid-Market,Free State,Ecommerce,Net 30,N. Dlamini
CUST00962,Fletcher-Matthews,Enterprise,KwaZulu-Natal,Ecommerce,Net 45,L. van Wyk
CUST00963,Navarro Trading,Mid-Market,Western Cape,Ecommerce,Net 45,L. van Wyk
CUST00964,Gray-Johnson,Enterprise,Gauteng,Distributor,COD,T. Mokoena
CUST00965,Irwin Trading,SMB,Limpopo,Wholesale,Net 15,T. Mokoena
CUST00966,Carrillo Trading,SMB,KwaZulu-Natal,Retail,Net 30,S. Naidoo
CUST00967,Myers Trading,SMB,Eastern Cape,Ecommerce,COD,A. Petersen
CUST00968,Baldwin-White,Enterprise,Eastern Cape,Ecommerce,Net 30,S. Naidoo
CUST00969,Sloan Inc,Enterprise,KwaZulu-Natal,Wholesale,Net 15,L. van Wyk
CUST00970,White Trading,Mid-Market,Western Cape,Wholesale,Net 30,S. Naidoo
CUST00971,Stewart Trading,SMB,Western Cape,Ecommerce,Net 15,N. Dlamini
CUST00972,Morales Trading,SMB,Gauteng,Distributor,Net 60,N. Dlamini
CUST00973,Torres Trading,Mid-Market,Free State,Retail,Net 45,T. Mokoena
CUST00974,Ellison Trading,Mid-Market,Eastern Cape,Ecommerce,Net 45,S. Naidoo
CUST00975,Pearson Group,Key Account,Free State,Ecommerce,Net 45,S. Naidoo
CUST00976,Ward Trading,Mid-Market,Western Cape,Retail,Net 60,L. van Wyk
CUST00977,Jones Trading,SMB,Free State,Retail,Net 60,T. Mokoena
CUST00978,Lynch Trading,SMB,Limpopo,Wholesale,Net 45,N. Dlamini
CUST00979,Miller Trading,Mid-Market,Eastern Cape,Ecommerce,COD,N. Dlamini
CUST00980,Yang Trading,Mid-Market,Eastern Cape,Retail,Net 30,T. Mokoena
CUST00981,Jones Trading,Mid-Market,KwaZulu-Natal,Wholesale,Net 60,T. Mokoena
CUST00982,Lopez Trading,SMB,Eastern Cape,Ecommerce,Net 30,S. Naidoo
CUST00983,Fields Trading,SMB,Western Cape,Distributor,Net 30,T. Mokoena
CUST00984,"Johnson, Wright and Eaton",Enterprise,KwaZulu-Natal,Distributor,Net 15,A. Petersen
CUST00985,Green Trading,SMB,Free State,Wholesale,COD,T. Mokoena
CUST00986,Rivera-Ellison,Enterprise,Free State,Distributor,Net 45,S. Naidoo
CUST00987,Miller Trading,SMB,Limpopo,Wholesale,Net 45,N. Dlamini
CUST00988,Anderson Trading,SMB,Eastern Cape,Wholesale,Net 60,A. Petersen
CUST00989,Branch Trading,Mid-Market,Eastern Cape,Ecommerce,Net 30,A. Petersen
CUST00990,Gonzalez Inc,Enterprise,Gauteng,Distributor,COD,S. Naidoo
CUST00991,Lee Trading,SMB,KwaZulu-Natal,Distributor,COD,L. van Wyk
CUST00992,Fowler Trading,Mid-Market,KwaZulu-Natal,Ecommerce,Net 30,A. Petersen
CUST00993,Prince Trading,Mid-Market,KwaZulu-Natal,Ecommerce,COD,L. van Wyk
CUST00994,Campbell Trading,SMB,Limpopo,Wholesale,Net 60,A. Petersen
CUST00995,Williams Trading,Mid-Market,Free State,Wholesale,Net 30,T. Mokoena
CUST00996,Mclaughlin Trading,SMB,Free State,Distributor,Net 45,N. Dlamini
CUST00997,Jacobs Trading,SMB,KwaZulu-Natal,Distributor,Net 15,S. Naidoo
CUST00998,Schultz Trading,Mid-Market,KwaZulu-Natal,Distributor,Net 60,A. Petersen
CUST00999,Miller Trading,SMB,Gauteng,Retail,Net 15,T. Mokoena
CUST01000,Harris Trading,SMB,KwaZulu-Natal,Ecommerce,Net 30,A. Petersen
CUST01001,Robertson Trading,Mid-Market,KwaZulu-Natal,Distributor,Net 30,A. Petersen
CUST01002,Williams Trading,SMB,Eastern Cape,Distributor,Net 15,S. Naidoo
CUST01003,Williams and Sons,Enterprise,Western Cape,Wholesale,Net 30,N. Dlamini
CUST01004,Frey Trading,SMB,Eastern Cape,Retail,COD,N. Dlamini
CUST01005,"Roberts, Todd and Blanchard",Enterprise,Eastern Cape,Retail,COD,L. van Wyk
CUST01006,Estrada Trading,SMB,Gauteng,Retail,Net 30,A. Petersen
CUST01007,Neal Trading,SMB,Limpopo,Distributor,Net 30,S. Naidoo
CUST01008,Espinoza Trading,SMB,KwaZulu-Natal,Distributor,Net 15,S. Naidoo
CUST01009,Stewart Trading,SMB,Western Cape,Retail,COD,T. Mokoena
CUST01010,Smith LLC,Enterprise,KwaZulu-Natal,Distributor,Net 45,A. Petersen
CUST01011,"Charles, Gray and Lopez",Enterprise,Free State,Distributor,Net 15,A. Petersen
CUST01012,Wilson Trading,SMB,Free State,Distributor,Net 60,L. van Wyk
CUST01013,Cox Trading,SMB,Limpopo,Ecommerce,Net 30,L. van Wyk
CUST01014,Richards Trading,SMB,Gauteng,Distributor,Net 30,T. Mokoena
CUST01015,Campbell Trading,SMB,Western Cape,Ecommerce,COD,N. Dlamini
CUST01016,Thomas Trading,SMB,Western Cape,Ecommerce,Net 30,L. van Wyk
CUST01017,Martinez Trading,SMB,Limpopo,Distributor,Net 45,T. Mokoena
CUST01018,Gomez Trading,SMB,Eastern Cape,Ecommerce,Net 60,S. Naidoo
CUST01019,Chaney Trading,Mid-Market,Free State,Ecommerce,Net 15,L. van Wyk
CUST01020,Hall Inc,Enterprise,Eastern Cape,Distributor,Net 15,S. Naidoo
CUST01021,Wong Trading,Mid-Market,Limpopo,Distributor,Net 45,S. Naidoo
CUST01022,Obrien Trading,SMB,Eastern Cape,Wholesale,Net 60,A. Petersen
CUST01023,Walker Ltd,Enterprise,Limpopo,Ecommerce,Net 30,A. Petersen
CUST01024,Jensen Group,Enterprise,Eastern Cape,Wholesale,COD,S. Naidoo
CUST01025,Hernandez Trading,SMB,Gauteng,Distributor,Net 60,L. van Wyk
CUST01026,Ferrell Trading,SMB,Free State,Distributor,Net 15,T. Mokoena
CUST01027,Jackson Trading,SMB,Gauteng,Retail,Net 15,N. Dlamini
CUST01028,Chaney Trading,SMB,Western Cape,Distributor,COD,S. Naidoo
CUST01029,Winters Trading,SMB,Gauteng,Distributor,Net 15,T. Mokoena
CUST01030,Edwards Trading,SMB,Eastern Cape,Ecommerce,Net 45,N. Dlamini
CUST01031,Gonzalez Trading,SMB,Western Cape,Retail,Net 30,L. van Wyk
CUST01032,Mullins Trading,SMB,Eastern Cape,Wholesale,Net 15,T. Mokoena
CUST01033,Clark-Mcintyre,Enterprise,Gauteng,Retail,Net 15,L. van Wyk
CUST01034,Martin Trading,Mid-Market,Eastern Cape,Wholesale,COD,S. Naidoo
CUST01035,Tucker Trading,SMB,Gauteng,Wholesale,Net 45,L. van Wyk
CUST01036,Burke Trading,Mid-Market,KwaZulu-Natal,Ecommerce,Net 15,N. Dlamini
CUST01037,Velazquez Trading,Mid-Market,Free State,Retail,Net 30,L. van Wyk
CUST01038,Martin Trading,Mid-Market,Western Cape,Ecommerce,COD,S. Naidoo
CUST01039,Fields PLC,Key Account,Western Cape,Distributor,Net 30,N. Dlamini
CUST01040,Pineda Trading,SMB,KwaZulu-Natal,Retail,Net 45,S. Naidoo
CUST01041,Hampton Trading,SMB,Gauteng,Distributor,Net 60,S. Naidoo
CUST01042,Tucker Trading,SMB,Gauteng,Wholesale,Net 15,L. van Wyk
CUST01043,Marquez Trading,SMB,Free State,Ecommerce,COD,N. Dlamini
CUST01044,Burns Trading,SMB,Western Cape,Retail,Net 15,L. van Wyk
CUST01045,Russell Trading,SMB,Free State,Ecommerce,Net 45,S. Naidoo
CUST01046,Williamson Trading,SMB,Eastern Cape,Ecommerce,Net 15,T. Mokoena
CUST01047,Aguirre and Sons,Enterprise,Eastern Cape,Distributor,Net 60,T. Mokoena
CUST01048,Thompson Trading,SMB,Eastern Cape,Wholesale,Net 60,S. Naidoo
CUST01049,Bell Trading,SMB,KwaZulu-Natal,Distributor,Net 30,A. Petersen
CUST01050,Marshall-Allen,Enterprise,Free State,Wholesale,COD,A. Petersen
CUST01051,Martinez Trading,SMB,KwaZulu-Natal,Ecommerce,Net 60,T. Mokoena
CUST01052,Jenkins Trading,SMB,Limpopo,Distributor,Net 15,N. Dlamini
CUST01053,Brown Trading,Mid-Market,KwaZulu-Natal,Wholesale,Net 30,N. Dlamini
CUST01054,Lin Trading,Mid-Market,Free State,Distributor,Net 15,A. Petersen
CUST01055,Norton Trading,Mid-Market,Free State,Wholesale,Net 60,T. Mokoena
CUST01056,Patel Trading,SMB,Limpopo,Ecommerce,COD,N. Dlamini
CUST01057,Turner Trading,SMB,Gauteng,Retail,Net 15,S. Naidoo
CUST01058,Cantrell-Bennett,Enterprise,Western Cape,Retail,Net 45,S. Naidoo
CUST01059,Velez Trading,SMB,Free State,Distributor,Net 45,A. Petersen
CUST01060,Jimenez Trading,Mid-Market,Free State,Ecommerce,COD,T. Mokoena
CUST01061,Torres Trading,SMB,Limpopo,Retail,COD,S. Naidoo
CUST01062,Mullen Trading,Mid-Market,Gauteng,Distributor,COD,T. Mokoena
CUST01063,Myers Trading,Mid-Market,Eastern Cape,Ecommerce,COD,A. Petersen
CUST01064,Russell Trading,SMB,Gauteng,Retail,Net 30,N. Dlamini
CUST01065,"Gonzalez, Mckenzie and Reed",Enterprise,Free State,Retail,COD,S. Naidoo
CUST01066,Lopez Trading,SMB,Western Cape,Wholesale,Net 60,S. Naidoo
CUST01067,Johnson Trading,Mid-Market,Western Cape,Distributor,COD,A. Petersen
CUST01068,Garcia Trading,SMB,Eastern Cape,Distributor,COD,S. Naidoo
CUST01069,Hernandez Trading,Mid-Market,Free State,Distributor,Net 60,T. Mokoena
CUST01070,Silva Trading,Mid-Market,Free State,Distributor,Net 30,T. Mokoena
CUST01071,Turner Trading,Mid-Market,KwaZulu-Natal,Ecommerce,Net 45,L. van Wyk
CUST01072,Wagner-Frye,Enterprise,KwaZulu-Natal,Wholesale,Net 60,A. Petersen
CUST01073,Sosa Trading,SMB,Free State,Ecommerce,Net 30,L. van Wyk
CUST01074,Aguilar Trading,SMB,Eastern Cape,Retail,COD,T. Mokoena
CUST01075,Taylor Trading,Mid-Market,Free State,Wholesale,Net 30,N. Dlamini
CUST01076,Vasquez Trading,SMB,Western Cape,Wholesale,Net 30,N. Dlamini
CUST01077,Miller Trading,Mid-Market,Limpopo,Ecommerce,Net 60,A. Petersen
CUST01078,Dominguez Trading,Mid-Market,Free State,Wholesale,COD,N. Dlamini
CUST01079,Stewart Trading,SMB,Western Cape,Wholesale,Net 30,T. Mokoena
CUST01080,Bryant Group,Enterprise,Western Cape,Wholesale,Net 30,T. Mokoena
CUST01081,Hood Trading,SMB,Eastern Cape,Wholesale,COD,T. Mokoena
CUST01082,Park Trading,Mid-Market,Western Cape,Distributor,Net 60,N. Dlamini
CUST01083,West Trading,Mid-Market,KwaZulu-Natal,Retail,Net 60,L. van Wyk
CUST01084,Ferrell Trading,SMB,Gauteng,Ecommerce,Net 30,L. van Wyk
CUST01085,Nichols Trading,SMB,Gauteng,Wholesale,Net 60,N. Dlamini
CUST01086,Williams Trading,Mid-Market,Limpopo,Distributor,COD,T. Mokoena
CUST01087,Campbell Trading,SMB,KwaZulu-Natal,Wholesale,Net 30,A. Petersen
CUST01088,Powell Trading,Mid-Market,Western Cape,Retail,Net 45,L. van Wyk
CUST01089,Ochoa Trading,Mid-Market,Free State,Retail,Net 15,L. van Wyk
CUST01090,Collins Trading,SMB,Eastern Cape,Wholesale,Net 15,T. Mokoena
CUST01091,Williams Trading,SMB,Free State,Retail,Net 60,L. van Wyk
CUST01092,Shepherd Trading,SMB,Eastern Cape,Distributor,Net 15,S. Naidoo
CUST01093,Ballard Trading,SMB,Western Cape,Distributor,Net 45,A. Petersen
CUST01094,Snow Trading,SMB,Free State,Wholesale,Net 15,N. Dlamini
CUST01095,Alvarado Trading,SMB,Eastern Cape,Ecommerce,Net 60,N. Dlamini
CUST01096,Petersen Trading,SMB,Eastern Cape,Distributor,Net 30,T. Mokoena
CUST01097,Cruz Trading,SMB,KwaZulu-Natal,Retail,Net 30,S. Naidoo
CUST01098,Estrada PLC,Key Account,Free State,Distributor,Net 60,S. Naidoo
CUST01099,Robles Trading,SMB,Western Cape,Wholesale,Net 30,S. Naidoo
CUST01100,Hernandez Trading,Mid-Market,Gauteng,Retail,COD,S. Naidoo
CUST01101,Martin Inc,Enterprise,Western Cape,Ecommerce,COD,T. Mokoena
CUST01102,Holmes Trading,Mid-Market,Gauteng,Ecommerce,Net 45,L. van Wyk
CUST01103,Robinson Trading,SMB,Western Cape,Wholesale,Net 15,A. Petersen
CUST01104,Coleman Trading,SMB,KwaZulu-Natal,Distributor,Net 60,S. Naidoo
CUST01105,Moore Trading,Mid-Market,Limpopo,Retail,Net 45,A. Petersen
CUST01106,"Williams, French and Johnson",Enterprise,Free State,Retail,Net 30,S. Naidoo
CUST01107,Graham Trading,SMB,Western Cape,Ecommerce,COD,L. van Wyk
CUST01108,Mason Trading,Mid-Market,Gauteng,Retail,Net 45,T. Mokoena
CUST01109,Simmons Trading,Mid-Market,Limpopo,Ecommerce,COD,N. Dlamini
CUST01110,Moran Trading,SMB,Limpopo,Distributor,Net 15,L. van Wyk
CUST01111,Hughes Trading,SMB,Limpopo,Retail,Net 30,L. van Wyk
CUST01112,Bryant LLC,Enterprise,Free State,Retail,Net 15,S. Naidoo
CUST01113,Mayo Trading,SMB,Eastern Cape,Retail,COD,S. Naidoo
CUST01114,Vincent-Garcia,Enterprise,KwaZulu-Natal,Ecommerce,Net 45,L. van Wyk
CUST01115,Garcia Trading,Mid-Market,Gauteng,Ecommerce,Net 30,T. Mokoena
CUST01116,Martinez Trading,Mid-Market,Western Cape,Ecommerce,COD,T. Mokoena
CUST01117,Ryan PLC,Enterprise,Gauteng,Ecommerce,Net 15,S. Naidoo
CUST01118,White Trading,SMB,Eastern Cape,Wholesale,COD,L. van Wyk
CUST01119,Johnson Trading,SMB,Limpopo,Wholesale,Net 45,S. Naidoo
CUST01120,Smith Trading,Mid-Market,Eastern Cape,Ecommerce,Net 60,T. Mokoena
CUST01121,Santiago Trading,SMB,Western Cape,Wholesale,Net 15,A. Petersen
CUST01122,Romero Trading,SMB,Western Cape,Wholesale,Net 30,A. Petersen
CUST01123,Stewart Group,Enterprise,Eastern Cape,Wholesale,Net 60,S. Naidoo
CUST01124,Gallagher Trading,SMB,Free State,Retail,Net 15,T. Mokoena
CUST01125,"Thompson, Mcneil and Mckenzie",Enterprise,Western Cape,Retail,Net 30,L. van Wyk
CUST01126,Galloway Ltd,Key Account,KwaZulu-Natal,Distributor,Net 30,S. Naidoo
CUST01127,Williams Trading,Mid-Market,Gauteng,Wholesale,Net 15,N. Dlamini
CUST01128,Nguyen Trading,Mid-Market,Free State,Ecommerce,Net 60,A. Petersen
CUST01129,Pierce Trading,Mid-Market,Free State,Wholesale,Net 15,N. Dlamini
CUST01130,Davidson Trading,SMB,Limpopo,Distributor,Net 15,A. Petersen
CUST01131,Aguirre and Sons,Enterprise,Eastern Cape,Ecommerce,Net 15,L. van Wyk
CUST01132,Jones Trading,SMB,Western Cape,Wholesale,Net 15,S. Naidoo
CUST01133,Valenzuela Trading,SMB,Gauteng,Ecommerce,Net 45,S. Naidoo
CUST01134,Jones Trading,Mid-Market,Western Cape,Wholesale,COD,S. Naidoo
CUST01135,Johns Ltd,Enterprise,Eastern Cape,Distributor,Net 30,L. van Wyk
CUST01136,Richard Ltd,Enterprise,Eastern Cape,Distributor,COD,A. Petersen
CUST01137,Smith Trading,Mid-Market,Eastern Cape,Ecommerce,Net 45,A. Petersen
CUST01138,"Singh, Joseph and Cook",Enterprise,Free State,Retail,Net 60,N. Dlamini
CUST01139,Mejia Trading,SMB,Gauteng,Wholesale,Net 60,A. Petersen
CUST01140,Wilson Trading,SMB,Limpopo,Retail,Net 60,L. van Wyk
CUST01141,Stevenson Trading,SMB,Limpopo,Retail,Net 15,T. Mokoena
CUST01142,Moody Trading,SMB,KwaZulu-Natal,Ecommerce,Net 45,S. Naidoo
CUST01143,Lutz Trading,SMB,Free State,Retail,Net 60,S. Naidoo
CUST01144,Mcgrath Trading,SMB,Limpopo,Distributor,COD,A. Petersen
CUST01145,Ramos Trading,SMB,Free State,Wholesale,Net 45,L. van Wyk
CUST01146,Gonzalez Trading,SMB,Gauteng,Wholesale,Net 45,A. Petersen
CUST01147,"Garrison, Mcguire and Ball",Enterprise,Western Cape,Distributor,COD,T. Mokoena
CUST01148,Leach Trading,SMB,Limpopo,Wholesale,COD,N. Dlamini
CUST01149,Shepherd Trading,SMB,Eastern Cape,Ecommerce,COD,A. Petersen
CUST01150,Luna Trading,Mid-Market,Limpopo,Wholesale,Net 45,A. Petersen
CUST01151,Roach Trading,SMB,Western Cape,Ecommerce,Net 60,S. Naidoo
CUST01152,Munoz Trading,SMB,Western Cape,Wholesale,COD,L. van Wyk
CUST01153,Jimenez Trading,SMB,Limpopo,Distributor,Net 30,S. Naidoo
CUST01154,Park Trading,SMB,Western Cape,Wholesale,COD,A. Petersen
CUST01155,Williams Trading,Mid-Market,Gauteng,Distributor,Net 45,L. van Wyk
CUST01156,Hardy Trading,SMB,Gauteng,Distributor,Net 15,S. Naidoo
CUST01157,Brooks Trading,Mid-Market,Eastern Cape,Distributor,Net 45,L. van Wyk
CUST01158,Miller Trading,SMB,Free State,Retail,Net 15,A. Petersen
CUST01159,Richardson Trading,SMB,Limpopo,Wholesale,COD,S. Naidoo
CUST01160,Horton Trading,SMB,Limpopo,Ecommerce,COD,S. Naidoo
CUST01161,Odom-Alvarez,Enterprise,Limpopo,Ecommerce,Net 30,N. Dlamini
CUST01162,Rodriguez Trading,SMB,Eastern Cape,Wholesale,Net 15,T. Mokoena
CUST01163,Ryan Trading,Mid-Market,Limpopo,Wholesale,Net 45,A. Petersen
CUST01164,Dickerson Trading,SMB,Gauteng,Retail,Net 30,T. Mokoena
CUST01165,Turner Trading,SMB,Eastern Cape,Retail,Net 45,A. Petersen
CUST01166,Davis Trading,SMB,Eastern Cape,Wholesale,COD,T. Mokoena
CUST01167,Norris Trading,SMB,Eastern Cape,Wholesale,Net 15,A. Petersen
CUST01168,Hernandez Trading,SMB,Free State,Retail,Net 45,A. Petersen
CUST01169,Hall and Sons,Enterprise,Limpopo,Ecommerce,Net 45,A. Petersen
CUST01170,Nguyen Ltd,Enterprise,KwaZulu-Natal,Ecommerce,Net 15,A. Petersen
CUST01171,Frazier Trading,Mid-Market,Free State,Distributor,Net 45,S. Naidoo
CUST01172,Richardson PLC,Enterprise,Western Cape,Ecommerce,Net 15,N. Dlamini
CUST01173,Thompson Trading,SMB,Eastern Cape,Retail,Net 15,A. Petersen
CUST01174,"Allen, Jones and Velasquez",Key Account,Eastern Cape,Retail,Net 30,T. Mokoena
CUST01175,Davis Trading,Mid-Market,Limpopo,Wholesale,COD,S. Naidoo
CUST01176,Lopez Trading,Mid-Market,KwaZulu-Natal,Retail,Net 30,T. Mokoena
CUST01177,Hubbard Trading,SMB,KwaZulu-Natal,Retail,COD,T. Mokoena
CUST01178,Martin Trading,SMB,Limpopo,Retail,Net 15,S. Naidoo
CUST01179,Reyes Trading,SMB,KwaZulu-Natal,Distributor,Net 45,N. Dlamini
CUST01180,Alvarado Trading,Mid-Market,Eastern Cape,Wholesale,Net 45,A. Petersen
CUST01181,Huerta-Short,Enterprise,Eastern Cape,Distributor,COD,A. Petersen
CUST01182,Galloway Trading,SMB,Limpopo,Ecommerce,Net 60,A. Petersen
CUST01183,Lopez Trading,SMB,Free State,Ecommerce,Net 30,N. Dlamini
CUST01184,Thompson-Long,Key Account,KwaZulu-Natal,Retail,Net 30,L. van Wyk
CUST01185,Cox Trading,Mid-Market,Western Cape,Distributor,Net 15,A. Petersen
CUST01186,Miller Trading,SMB,KwaZulu-Natal,Ecommerce,COD,T. Mokoena
CUST01187,Jacobs Trading,SMB,Eastern Cape,Wholesale,Net 30,L. van Wyk
CUST01188,Hamilton LLC,Enterprise,KwaZulu-Natal,Wholesale,Net 60,T. Mokoena
CUST01189,Gill Trading,SMB,KwaZulu-Natal,Retail,Net 15,N. Dlamini
CUST01190,Lucas Trading,SMB,Gauteng,Distributor,Net 60,S. Naidoo
CUST01191,Thompson Trading,SMB,Eastern Cape,Ecommerce,Net 30,S. Naidoo
CUST01192,Savage Trading,Mid-Market,Gauteng,Wholesale,Net 15,N. Dlamini
CUST01193,Mitchell Trading,SMB,Limpopo,Retail,COD,T. Mokoena
CUST01194,"Cole, Rush and Chandler",Enterprise,Limpopo,Retail,Net 30,L. van Wyk
CUST01195,"Howe, Schneider and French",Enterprise,Gauteng,Ecommerce,COD,A. Petersen
CUST01196,Williams Trading,Mid-Market,Limpopo,Wholesale,Net 30,S. Naidoo
CUST01197,Reyes Trading,SMB,KwaZulu-Natal,Ecommerce,Net 45,N. Dlamini
CUST01198,Williams Trading,SMB,Western Cape,Ecommerce,COD,N. Dlamini
CUST01199,Smith-Thomas,Key Account,Free State,Retail,Net 15,A. Petersen
CUST01200,Rosario Trading,SMB,KwaZulu-Natal,Ecommerce,Net 15,T. Mokoena
CUST01201,Harrison Trading,Mid-Market,Western Cape,Retail,Net 30,A. Petersen
CUST01202,Hinton and Sons,Enterprise,Free State,Distributor,COD,S. Naidoo
CUST01203,Young Trading,SMB,Limpopo,Retail,COD,L. van Wyk
CUST01204,Hernandez Trading,SMB,Eastern Cape,Distributor,Net 15,A. Petersen
CUST01205,Edwards Group,Enterprise,Limpopo,Distributor,Net 60,T. Mokoena
CUST01206,Rivera Trading,SMB,Western Cape,Retail,Net 45,A. Petersen
CUST01207,White Trading,SMB,Limpopo,Distributor,COD,L. van Wyk
CUST01208,Johnson Trading,SMB,Limpopo,Distributor,Net 45,S. Naidoo
CUST01209,Gaines PLC,Enterprise,Western Cape,Ecommerce,Net 30,L. van Wyk
CUST01210,Johnson Trading,SMB,Limpopo,Ecommerce,Net 30,L. van Wyk
CUST01211,Wagner Trading,SMB,Gauteng,Distributor,COD,T. Mokoena
CUST01212,Hall Trading,SMB,Western Cape,Ecommerce,Net 30,A. Petersen
CUST01213,Stewart Trading,Mid-Market,Free State,Retail,Net 45,N. Dlamini
CUST01214,Ortiz Trading,SMB,Limpopo,Retail,Net 30,A. Petersen
CUST01215,Parrish Trading,SMB,Free State,Distributor,Net 15,A. Petersen
CUST01216,Brown Trading,SMB,Western Cape,Distributor,Net 45,N. Dlamini
CUST01217,Dean Trading,SMB,Limpopo,Distributor,Net 45,A. Petersen
CUST01218,Rios Trading,Mid-Market,Free State,Wholesale,Net 15,N. Dlamini
CUST01219,Shepherd Trading,Mid-Market,Limpopo,Distributor,COD,A. Petersen
CUST01220,Bailey Trading,Mid-Market,KwaZulu-Natal,Retail,Net 45,S. Naidoo
CUST01221,Rodriguez Trading,SMB,Eastern Cape,Retail,Net 60,N. Dlamini
CUST01222,Edwards Trading,Mid-Market,Free State,Distributor,Net 30,L. van Wyk
CUST01223,Valenzuela Trading,Mid-Market,Gauteng,Retail,Net 15,S. Naidoo
CUST01224,"Gardner, Johnson and Nguyen",Enterprise,Limpopo,Retail,Net 15,S. Naidoo
CUST01225,Lee Trading,SMB,KwaZulu-Natal,Distributor,Net 60,A. Petersen
CUST01226,Avila Trading,SMB,Western Cape,Ecommerce,Net 30,A. Petersen
CUST01227,Jackson Trading,Mid-Market,Limpopo,Ecommerce,Net 45,T. Mokoena
CUST01228,White-Mullins,Key Account,Free State,Retail,Net 60,A. Petersen
CUST01229,Bailey Trading,SMB,Western Cape,Ecommerce,COD,T. Mokoena
CUST01230,Ortega Inc,Enterprise,Gauteng,Retail,Net 60,T. Mokoena
CUST01231,Hicks Trading,SMB,KwaZulu-Natal,Retail,Net 15,L. van Wyk
CUST01232,Rice Trading,Mid-Market,Eastern Cape,Ecommerce,Net 45,L. van Wyk
CUST01233,Ballard Trading,SMB,Free State,Wholesale,Net 15,L. van Wyk
CUST01234,Patton Trading,SMB,Free State,Distributor,Net 30,L. van Wyk
CUST01235,Anderson Trading,SMB,Limpopo,Wholesale,Net 15,N. Dlamini
CUST01236,Lewis Trading,SMB,Gauteng,Wholesale,Net 45,L. van Wyk
CUST01237,Miller-Powell,Key Account,Western Cape,Retail,Net 15,L. van Wyk
CUST01238,Rodriguez PLC,Enterprise,Limpopo,Distributor,Net 60,S. Naidoo
CUST01239,Spencer Trading,SMB,Eastern Cape,Distributor,Net 45,T. Mokoena
CUST01240,Henderson Trading,SMB,Eastern Cape,Retail,Net 60,L. van Wyk
CUST01241,Baker-Morris,Enterprise,Western Cape,Ecommerce,Net 45,A. Petersen
CUST01242,Evans Trading,Mid-Market,Gauteng,Retail,Net 60,L. van Wyk
CUST01243,Gonzalez Trading,Mid-Market,Gauteng,Distributor,COD,S. Naidoo
CUST01244,Mcmillan Trading,Mid-Market,Free State,Ecommerce,Net 45,A. Petersen
CUST01245,Acosta Trading,SMB,Free State,Retail,Net 15,L. van Wyk
CUST01246,Cline Trading,Mid-Market,Limpopo,Retail,Net 60,A. Petersen
CUST01247,Smith Trading,SMB,Gauteng,Ecommerce,Net 60,N. Dlamini
CUST01248,Brown Trading,SMB,Free State,Distributor,Net 60,T. Mokoena
CUST01249,Dunn Trading,SMB,KwaZulu-Natal,Ecommerce,Net 15,N. Dlamini
CUST01250,Murray Trading,Mid-Market,Free State,Ecommerce,Net 60,T. Mokoena
CUST01251,Beard Trading,SMB,Eastern Cape,Wholesale,Net 60,N. Dlamini
CUST01252,Nelson Trading,Mid-Market,KwaZulu-Natal,Retail,Net 30,L. van Wyk
CUST01253,Mckinney Trading,SMB,Free State,Retail,Net 30,T. Mokoena
CUST01254,Matthews Trading,SMB,KwaZulu-Natal,Ecommerce,Net 30,N. Dlamini
CUST01255,Green Trading,Mid-Market,Free State,Wholesale,Net 60,S. Naidoo
CUST01256,Pena Trading,Mid-Market,KwaZulu-Natal,Wholesale,Net 30,S. Naidoo
CUST01257,George Trading,SMB,Free State,Retail,Net 30,N. Dlamini
CUST01258,"Robles, Henderson and Payne",Key Account,Free State,Wholesale,Net 45,L. van Wyk
CUST01259,Martinez Trading,Mid-Market,Western Cape,Distributor,Net 15,S. Naidoo
CUST01260,Cook Trading,Mid-Market,KwaZulu-Natal,Retail,Net 30,N. Dlamini
CUST01261,Smith Trading,SMB,Eastern Cape,Distributor,Net 45,T. Mokoena
CUST01262,Chang Trading,SMB,Free State,Wholesale,Net 45,L. van Wyk
CUST01263,Tucker Trading,SMB,Western Cape,Distributor,COD,T. Mokoena
CUST01264,Woods-Andrews,Enterprise,Eastern Cape,Distributor,Net 30,A. Petersen
CUST01265,Martin Trading,Mid-Market,Gauteng,Retail,Net 60,T. Mokoena
CUST01266,Rhodes and Sons,Key Account,Eastern Cape,Ecommerce,Net 30,T. Mokoena
CUST01267,Jones Trading,SMB,Gauteng,Ecommerce,Net 60,L. van Wyk
CUST01268,Carpenter Trading,SMB,Limpopo,Wholesale,Net 60,S. Naidoo
CUST01269,Pearson Trading,SMB,Limpopo,Wholesale,Net 30,A. Petersen
CUST01270,Powers Trading,SMB,Gauteng,Retail,COD,L. van Wyk
CUST01271,Davis Trading,SMB,Gauteng,Distributor,Net 30,S. Naidoo
CUST01272,Webb Trading,Mid-Market,KwaZulu-Natal,Wholesale,COD,N. Dlamini
CUST01273,Gomez Trading,Mid-Market,Gauteng,Wholesale,Net 60,N. Dlamini
CUST01274,Casey Trading,Mid-Market,Gauteng,Retail,Net 60,S. Naidoo
CUST01275,Herring Trading,SMB,Limpopo,Wholesale,COD,S. Naidoo
CUST01276,Christensen Trading,SMB,Eastern Cape,Retail,Net 45,T. Mokoena
CUST01277,Cruz Trading,Mid-Market,Limpopo,Ecommerce,Net 30,S. Naidoo
CUST01278,Gomez Trading,Mid-Market,KwaZulu-Natal,Retail,Net 45,L. van Wyk
CUST01279,Rivera Trading,SMB,Gauteng,Ecommerce,Net 30,S. Naidoo
CUST01280,Miller Trading,SMB,Eastern Cape,Wholesale,Net 60,L. van Wyk
CUST01281,Rhodes Trading,SMB,Eastern Cape,Retail,Net 15,A. Petersen
CUST01282,Fry Trading,Mid-Market,Western Cape,Retail,Net 45,T. Mokoena
CUST01283,Porter Trading,SMB,Gauteng,Retail,Net 60,T. Mokoena
CUST01284,Wilson Trading,Mid-Market,Gauteng,Distributor,Net 15,N. Dlamini
CUST01285,Bridges PLC,Enterprise,Limpopo,Distributor,Net 30,S. Naidoo
CUST01286,Lawrence Trading,Mid-Market,Eastern Cape,Retail,Net 60,L. van Wyk
CUST01287,Baxter Trading,SMB,Eastern Cape,Retail,Net 60,S. Naidoo
CUST01288,Mcdonald Trading,SMB,Limpopo,Distributor,COD,A. Petersen
CUST01289,Sellers Trading,SMB,KwaZulu-Natal,Ecommerce,Net 30,L. van Wyk
CUST01290,Roman Trading,SMB,Limpopo,Retail,Net 30,A. Petersen
CUST01291,"Martinez, Lang and Ortega",Enterprise,KwaZulu-Natal,Retail,Net 45,T. Mokoena
CUST01292,Young Trading,Mid-Market,Western Cape,Retail,Net 45,S. Naidoo
CUST01293,Gillespie Trading,SMB,Eastern Cape,Retail,Net 30,L. van Wyk
CUST01294,Marquez Trading,SMB,Limpopo,Distributor,Net 15,S. Naidoo
CUST01295,Walton Trading,SMB,Gauteng,Wholesale,Net 45,L. van Wyk
CUST01296,Fox Trading,SMB,Free State,Ecommerce,Net 45,A. Petersen
CUST01297,Nunez-Livingston,Key Account,Eastern Cape,Retail,COD,T. Mokoena
CUST01298,Phillips Trading,SMB,Limpopo,Retail,Net 45,N. Dlamini
CUST01299,Roach Trading,SMB,Limpopo,Distributor,Net 60,S. Naidoo
CUST01300,Rogers Trading,Mid-Market,Western Cape,Retail,COD,S. Naidoo
CUST01301,Davidson Trading,SMB,Gauteng,Distributor,Net 60,N. Dlamini
CUST01302,Roberson Trading,SMB,Limpopo,Wholesale,COD,S. Naidoo
CUST01303,Torres Trading,Mid-Market,KwaZulu-Natal,Retail,Net 45,A. Petersen
CUST01304,Figueroa Trading,SMB,Free State,Retail,COD,N. Dlamini
CUST01305,Carr Trading,SMB,Free State,Wholesale,COD,S. Naidoo
CUST01306,Rivas Trading,SMB,Limpopo,Distributor,Net 30,N. Dlamini
CUST01307,Blevins and Sons,Key Account,Free State,Wholesale,Net 30,S. Naidoo
CUST01308,Hardy Trading,Mid-Market,Free State,Wholesale,Net 30,N. Dlamini
CUST01309,Jefferson Trading,SMB,Western Cape,Distributor,Net 15,T. Mokoena
CUST01310,Cortez Trading,Mid-Market,Eastern Cape,Wholesale,Net 60,N. Dlamini
CUST01311,Gallegos Trading,SMB,Limpopo,Distributor,Net 15,N. Dlamini
CUST01312,Carlson LLC,Enterprise,Gauteng,Retail,COD,S. Naidoo
CUST01313,Johnson and Sons,Enterprise,Limpopo,Ecommerce,Net 45,L. van Wyk
CUST01314,Huynh Trading,Mid-Market,Western Cape,Wholesale,Net 30,A. Petersen
CUST01315,Everett Trading,SMB,Western Cape,Wholesale,Net 60,N. Dlamini
CUST01316,Brady Trading,Mid-Market,Limpopo,Distributor,Net 60,N. Dlamini
CUST01317,Roberts Trading,Mid-Market,KwaZulu-Natal,Ecommerce,Net 45,N. Dlamini
CUST01318,Burgess Trading,Mid-Market,Western Cape,Retail,Net 60,N. Dlamini
CUST01319,Bradford Trading,Mid-Market,Free State,Wholesale,Net 45,S. Naidoo
CUST01320,Kaufman Trading,SMB,Western Cape,Retail,Net 15,L. van Wyk
CUST01321,Tran Trading,SMB,Western Cape,Retail,COD,T. Mokoena
CUST01322,Hampton Trading,SMB,Eastern Cape,Ecommerce,Net 30,A. Petersen
CUST01323,"Sparks, Garza and Ingram",Enterprise,Eastern Cape,Retail,COD,N. Dlamini
CUST01324,Harris-White,Enterprise,Western Cape,Wholesale,COD,L. van Wyk
CUST01325,King Trading,SMB,Gauteng,Wholesale,Net 45,A. Petersen
CUST01326,Greene Trading,Mid-Market,Eastern Cape,Wholesale,Net 30,S. Naidoo
CUST01327,Rhodes Trading,Mid-Market,KwaZulu-Natal,Wholesale,COD,S. Naidoo
CUST01328,Hurst Trading,Mid-Market,Western Cape,Distributor,Net 15,N. Dlamini
CUST01329,Mullins Trading,SMB,Eastern Cape,Retail,Net 45,S. Naidoo
CUST01330,Stewart Trading,SMB,Free State,Distributor,Net 15,L. van Wyk
CUST01331,Perry Trading,SMB,Eastern Cape,Wholesale,Net 30,T. Mokoena
CUST01332,Jones Trading,SMB,Western Cape,Retail,Net 60,N. Dlamini
CUST01333,Gonzalez Trading,SMB,Gauteng,Distributor,Net 45,L. van Wyk
CUST01334,Ryan Trading,SMB,KwaZulu-Natal,Wholesale,Net 30,A. Petersen
CUST01335,Simmons Trading,SMB,Limpopo,Wholesale,Net 60,A. Petersen
CUST01336,Hamilton-Hahn,Enterprise,Gauteng,Distributor,Net 60,L. van Wyk
CUST01337,"Lopez, Kirk and Wright",Enterprise,Western Cape,Distributor,Net 45,T. Mokoena
CUST01338,Cobb Trading,SMB,Eastern Cape,Wholesale,Net 15,T. Mokoena
CUST01339,Davis Trading,SMB,Western Cape,Wholesale,Net 60,N. Dlamini
CUST01340,Buck Trading,SMB,Gauteng,Retail,Net 45,A. Petersen
CUST01341,Nguyen Trading,SMB,Free State,Distributor,Net 45,N. Dlamini
CUST01342,Ellis Trading,SMB,Western Cape,Retail,Net 60,N. Dlamini
CUST01343,Barton Trading,Mid-Market,Eastern Cape,Wholesale,Net 15,T. Mokoena
CUST01344,Frederick Trading,SMB,Limpopo,Retail,COD,L. van Wyk
CUST01345,Curry Trading,Mid-Market,Western Cape,Distributor,Net 60,A. Petersen
CUST01346,Gonzalez Trading,SMB,Eastern Cape,Distributor,Net 15,L. van Wyk
CUST01347,Garcia Trading,SMB,KwaZulu-Natal,Distributor,COD,N. Dlamini
CUST01348,Walker Trading,SMB,Limpopo,Ecommerce,Net 60,N. Dlamini
CUST01349,Taylor Trading,SMB,KwaZulu-Natal,Wholesale,COD,A. Petersen
CUST01350,"Smith, Barber and Rodriguez",Enterprise,Limpopo,Retail,Net 60,T. Mokoena
CUST01351,Vaughan-Martin,Enterprise,Gauteng,Distributor,Net 30,L. van Wyk
CUST01352,Brock Trading,Mid-Market,KwaZulu-Natal,Ecommerce,Net 15,A. Petersen
CUST01353,Jackson Trading,Mid-Market,Free State,Wholesale,Net 15,T. Mokoena
CUST01354,Parrish Trading,SMB,Gauteng,Distributor,Net 60,S. Naidoo
CUST01355,Vincent Trading,Mid-Market,Western Cape,Ecommerce,Net 30,T. Mokoena
CUST01356,Ball Trading,SMB,Eastern Cape,Ecommerce,COD,N. Dlamini
CUST01357,Parker Trading,SMB,Eastern Cape,Distributor,Net 60,A. Petersen
CUST01358,"Gonzalez, Mcpherson and Johnson",Enterprise,Eastern Cape,Ecommerce,Net 45,A. Petersen
CUST01359,Ramos Trading,SMB,Limpopo,Retail,Net 15,L. van Wyk
CUST01360,Harrison Trading,SMB,Eastern Cape,Wholesale,Net 30,N. Dlamini
CUST01361,Kim Trading,SMB,KwaZulu-Natal,Retail,Net 15,L. van Wyk
CUST01362,Clay Trading,SMB,Western Cape,Retail,Net 30,L. van Wyk
CUST01363,Lara PLC,Key Account,Free State,Wholesale,Net 45,T. Mokoena
CUST01364,Ramirez Trading,SMB,Limpopo,Retail,Net 30,S. Naidoo
CUST01365,Whitehead Trading,SMB,Western Cape,Ecommerce,Net 45,A. Petersen
CUST01366,Moore Trading,SMB,Limpopo,Ecommerce,Net 45,A. Petersen
CUST01367,Smith Trading,Mid-Market,Free State,Distributor,Net 45,T. Mokoena
CUST01368,Anderson Trading,Mid-Market,KwaZulu-Natal,Wholesale,Net 30,S. Naidoo
CUST01369,Perry Trading,SMB,KwaZulu-Natal,Retail,Net 15,T. Mokoena
CUST01370,Burton Trading,SMB,Western Cape,Wholesale,Net 60,T. Mokoena
CUST01371,White Trading,SMB,Western Cape,Wholesale,Net 15,S. Naidoo
CUST01372,Guerrero Trading,SMB,KwaZulu-Natal,Wholesale,Net 45,T. Mokoena
CUST01373,Hamilton Trading,SMB,Western Cape,Retail,Net 30,T. Mokoena
CUST01374,Powell Trading,SMB,Eastern Cape,Wholesale,Net 60,T. Mokoena
CUST01375,Johnson Trading,SMB,Gauteng,Distributor,Net 45,S. Naidoo
CUST01376,"Mccann, Rodriguez and Mann",Enterprise,KwaZulu-Natal,Wholesale,COD,A. Petersen
CUST01377,"Lawrence, Ellis and Torres",Key Account,KwaZulu-Natal,Ecommerce,Net 45,T. Mokoena
CUST01378,"Nelson, Mills and Wagner",Key Account,Free State,Wholesale,Net 60,L. van Wyk
CUST01379,Nolan Trading,SMB,Gauteng,Distributor,COD,S. Naidoo
CUST01380,Ballard Trading,Mid-Market,Gauteng,Ecommerce,COD,L. van Wyk
CUST01381,Luna Trading,Mid-Market,Western Cape,Distributor,Net 30,N. Dlamini
CUST01382,Lewis Trading,SMB,Free State,Wholesale,Net 60,A. Petersen
CUST01383,Villanueva Trading,SMB,KwaZulu-Natal,Wholesale,COD,N. Dlamini
CUST01384,Carpenter Trading,SMB,Eastern Cape,Retail,Net 60,L. van Wyk
CUST01385,King Trading,SMB,KwaZulu-Natal,Retail,Net 30,L. van Wyk
CUST01386,Scott Trading,SMB,Eastern Cape,Ecommerce,Net 45,T. Mokoena
CUST01387,Cline Trading,SMB,KwaZulu-Natal,Ecommerce,Net 30,L. van Wyk
CUST01388,"Fisher, Smith and Black",Enterprise,Gauteng,Wholesale,Net 45,L. van Wyk
CUST01389,"Burton, Castaneda and Stewart",Enterprise,KwaZulu-Natal,Wholesale,Net 45,L. van Wyk
CUST01390,Ford Trading,SMB,Free State,Retail,Net 15,S. Naidoo
CUST01391,Clark Trading,SMB,Free State,Ecommerce,COD,A. Petersen
CUST01392,Cox Trading,Mid-Market,Gauteng,Retail,Net 45,T. Mokoena
CUST01393,Richardson Trading,SMB,Free State,Distributor,Net 60,S. Naidoo
CUST01394,Anderson Trading,SMB,Eastern Cape,Ecommerce,Net 60,L. van Wyk
CUST01395,Wolf Trading,SMB,KwaZulu-Natal,Ecommerce,Net 45,A. Petersen
CUST01396,Roth Trading,Mid-Market,Western Cape,Retail,COD,S. Naidoo
CUST01397,Mcconnell Trading,SMB,Limpopo,Distributor,COD,T. Mokoena
CUST01398,James Trading,SMB,Eastern Cape,Wholesale,COD,N. Dlamini
CUST01399,Taylor Trading,Mid-Market,Eastern Cape,Retail,Net 60,T. Mokoena
CUST01400,Boyd Trading,Mid-Market,Free State,Distributor,Net 30,L. van Wyk
CUST01401,Freeman Group,Key Account,Gauteng,Ecommerce,Net 60,A. Petersen
CUST01402,Carr Trading,SMB,KwaZulu-Natal,Wholesale,Net 60,N. Dlamini
CUST01403,Smith Trading,SMB,Eastern Cape,Wholesale,Net 30,S. Naidoo
CUST01404,Khan Trading,SMB,KwaZulu-Natal,Distributor,Net 30,N. Dlamini
CUST01405,Shepherd Trading,SMB,Free State,Retail,Net 60,S. Naidoo
CUST01406,Woods Trading,Mid-Market,Western Cape,Retail,Net 60,S. Naidoo
CUST01407,Petty Trading,SMB,KwaZulu-Natal,Ecommerce,Net 30,T. Mokoena
CUST01408,Mclean Trading,SMB,Free State,Ecommerce,Net 15,N. Dlamini
CUST01409,Rocha Trading,SMB,KwaZulu-Natal,Ecommerce,Net 45,L. van Wyk
CUST01410,Chavez Trading,SMB,Western Cape,Retail,Net 15,S. Naidoo
CUST01411,Wilson Trading,SMB,Western Cape,Retail,Net 45,L. van Wyk
CUST01412,"Rosales, Hays and Khan",Enterprise,Gauteng,Wholesale,COD,L. van Wyk
CUST01413,Cruz Trading,SMB,Limpopo,Ecommerce,Net 15,L. van Wyk
CUST01414,Schmitt PLC,Enterprise,Free State,Ecommerce,Net 15,T. Mokoena
CUST01415,Wilkins Trading,SMB,Gauteng,Wholesale,Net 15,S. Naidoo
CUST01416,Chambers Trading,Mid-Market,KwaZulu-Natal,Wholesale,Net 15,S. Naidoo
CUST01417,Mckenzie Ltd,Key Account,Eastern Cape,Retail,COD,N. Dlamini
CUST01418,Lynn Trading,Mid-Market,Eastern Cape,Retail,Net 15,N. Dlamini
CUST01419,Garcia Trading,SMB,Limpopo,Retail,Net 45,N. Dlamini
CUST01420,"Fox, Doyle and Peterson",Enterprise,Gauteng,Retail,Net 30,N. Dlamini
CUST01421,Davis Trading,Mid-Market,Gauteng,Wholesale,Net 60,S. Naidoo
CUST01422,Barber Trading,SMB,KwaZulu-Natal,Retail,COD,S. Naidoo
CUST01423,Shea-Silva,Enterprise,KwaZulu-Natal,Ecommerce,Net 30,S. Naidoo
CUST01424,Gutierrez-Patel,Enterprise,Limpopo,Wholesale,Net 60,A. Petersen
CUST01425,Curtis Trading,SMB,Free State,Retail,Net 60,S. Naidoo
CUST01426,Harris Trading,Mid-Market,KwaZulu-Natal,Wholesale,Net 60,N. Dlamini
CUST01427,"Becker, Burke and Rogers",Key Account,Gauteng,Wholesale,Net 60,L. van Wyk
CUST01428,Mays Trading,SMB,Free State,Wholesale,Net 45,N. Dlamini
CUST01429,Ochoa Trading,SMB,KwaZulu-Natal,Distributor,Net 45,S. Naidoo
CUST01430,Wood Trading,SMB,Eastern Cape,Retail,Net 30,N. Dlamini
CUST01431,Santiago Trading,SMB,Free State,Wholesale,Net 45,T. Mokoena
CUST01432,Blair Trading,Mid-Market,Free State,Retail,COD,T. Mokoena
CUST01433,Hendricks Trading,SMB,Eastern Cape,Ecommerce,Net 45,A. Petersen
CUST01434,Green Trading,Mid-Market,Limpopo,Distributor,Net 15,A. Petersen
CUST01435,Todd Trading,SMB,Eastern Cape,Wholesale,COD,L. van Wyk
CUST01436,Cook-Shaw,Enterprise,KwaZulu-Natal,Wholesale,COD,L. van Wyk
CUST01437,Williams Trading,Mid-Market,Eastern Cape,Distributor,Net 60,N. Dlamini
CUST01438,Ochoa Trading,SMB,Eastern Cape,Distributor,Net 60,N. Dlamini
CUST01439,Adams Trading,Mid-Market,Western Cape,Retail,Net 30,S. Naidoo
CUST01440,Campbell Trading,SMB,Free State,Distributor,COD,S. Naidoo
CUST01441,Smith Group,Enterprise,Limpopo,Distributor,Net 30,A. Petersen
CUST01442,Carpenter Trading,Mid-Market,Limpopo,Distributor,Net 30,L. van Wyk
CUST01443,Richardson Trading,Mid-Market,Eastern Cape,Distributor,Net 60,T. Mokoena
CUST01444,Ramos Trading,SMB,Eastern Cape,Retail,COD,T. Mokoena
CUST01445,Henderson Trading,SMB,Western Cape,Wholesale,COD,N. Dlamini
CUST01446,Castillo Trading,Mid-Market,Gauteng,Distributor,COD,S. Naidoo
CUST01447,Crawford Trading,SMB,Limpopo,Ecommerce,Net 15,T. Mokoena
CUST01448,Velasquez Trading,Mid-Market,Gauteng,Retail,Net 60,L. van Wyk
CUST01449,Morrow Trading,Mid-Market,Western Cape,Ecommerce,Net 45,L. van Wyk
CUST01450,Montoya Trading,SMB,Free State,Ecommerce,Net 60,A. Petersen
CUST01451,Macias Trading,SMB,Gauteng,Distributor,COD,L. van Wyk
CUST01452,Smith Trading,SMB,Eastern Cape,Distributor,Net 45,N. Dlamini
CUST01453,Roberts Trading,SMB,Free State,Ecommerce,Net 15,L. van Wyk
CUST01454,Estrada Trading,SMB,KwaZulu-Natal,Distributor,Net 45,N. Dlamini
CUST01455,Mitchell Trading,Mid-Market,Eastern Cape,Distributor,Net 45,A. Petersen
CUST01456,Reed LLC,Enterprise,Free State,Retail,Net 45,T. Mokoena
CUST01457,Moss Trading,SMB,Eastern Cape,Ecommerce,Net 30,T. Mokoena
CUST01458,Martin Trading,SMB,Free State,Retail,Net 15,T. Mokoena
CUST01459,Zamora Trading,SMB,Limpopo,Retail,Net 30,L. van Wyk
CUST01460,Case Trading,SMB,KwaZulu-Natal,Ecommerce,Net 45,T. Mokoena
CUST01461,Hall Trading,SMB,Western Cape,Wholesale,Net 15,T. Mokoena
CUST01462,Bridges Trading,Mid-Market,Limpopo,Retail,Net 30,N. Dlamini
CUST01463,Cox Trading,SMB,Gauteng,Ecommerce,COD,L. van Wyk
CUST01464,Waters Trading,Mid-Market,Eastern Cape,Distributor,Net 30,N. Dlamini
CUST01465,Munoz Trading,Mid-Market,Free State,Retail,Net 30,L. van Wyk
CUST01466,Wilkerson Trading,Mid-Market,KwaZulu-Natal,Retail,Net 45,N. Dlamini
CUST01467,Alexander Trading,Mid-Market,Western Cape,Ecommerce,Net 45,A. Petersen
CUST01468,"Bauer, Price and Cain",Enterprise,Limpopo,Ecommerce,Net 15,A. Petersen
CUST01469,Grant Trading,SMB,Eastern Cape,Wholesale,Net 45,N. Dlamini
CUST01470,Anderson-Douglas,Enterprise,Free State,Wholesale,Net 30,T. Mokoena
CUST01471,Barrett Trading,SMB,Free State,Distributor,Net 15,A. Petersen
CUST01472,Mckenzie Trading,Mid-Market,Gauteng,Retail,Net 60,T. Mokoena
CUST01473,Key Trading,SMB,Free State,Distributor,Net 45,S. Naidoo
CUST01474,Olsen Trading,SMB,Gauteng,Ecommerce,Net 60,T. Mokoena
CUST01475,Daniels Trading,SMB,Free State,Ecommerce,Net 15,L. van Wyk
CUST01476,Butler Trading,SMB,Free State,Distributor,Net 60,S. Naidoo
CUST01477,Krueger-Miller,Enterprise,Limpopo,Wholesale,Net 60,L. van Wyk
CUST01478,Hall Trading,SMB,Limpopo,Distributor,Net 30,A. Petersen
CUST01479,Serrano-Fuller,Enterprise,Eastern Cape,Retail,Net 60,S. Naidoo
CUST01480,Calderon Trading,SMB,Western Cape,Wholesale,Net 15,T. Mokoena
CUST01481,"Cook, Sandoval and Stanley",Enterprise,Eastern Cape,Ecommerce,COD,S. Naidoo
CUST01482,Wiley Group,Enterprise,KwaZulu-Natal,Ecommerce,Net 15,T. Mokoena
CUST01483,Wilson Trading,Mid-Market,Western Cape,Distributor,Net 15,N. Dlamini
CUST01484,Mcdonald Trading,SMB,Gauteng,Wholesale,Net 30,L. van Wyk
CUST01485,Myers Trading,SMB,Eastern Cape,Distributor,COD,S. Naidoo
CUST01486,Perez Trading,SMB,Western Cape,Retail,Net 30,T. Mokoena
CUST01487,Hart Trading,Mid-Market,Western Cape,Retail,Net 45,N. Dlamini
CUST01488,Fleming Trading,SMB,Gauteng,Ecommerce,Net 60,T. Mokoena
CUST01489,Hernandez Inc,Enterprise,Eastern Cape,Ecommerce,COD,L. van Wyk
CUST01490,Hill LLC,Enterprise,Limpopo,Wholesale,Net 15,N. Dlamini
CUST01491,Hudson Trading,Mid-Market,Free State,Retail,Net 60,A. Petersen
CUST01492,"Johnston, Harris and Mitchell",Enterprise,Free State,Ecommerce,Net 45,N. Dlamini
CUST01493,Collins Trading,SMB,Gauteng,Ecommerce,Net 30,A. Petersen
CUST01494,Rubio Trading,Mid-Market,Limpopo,Wholesale,Net 45,S. Naidoo
CUST01495,Kennedy Trading,SMB,Western Cape,Wholesale,Net 30,L. van Wyk
CUST01496,Roman Trading,SMB,Free State,Retail,Net 45,A. Petersen
CUST01497,Gutierrez Trading,SMB,Gauteng,Ecommerce,Net 60,L. van Wyk
CUST01498,Smith Trading,SMB,Western Cape,Ecommerce,Net 15,T. Mokoena
CUST01499,Ward Trading,SMB,KwaZulu-Natal,Ecommerce,COD,A. Petersen
CUST01500,Jones Trading,SMB,Limpopo,Retail,Net 15,T. Mokoena
CUST01501,Hoffman Trading,Mid-Market,KwaZulu-Natal,Ecommerce,COD,A. Petersen
CUST01502,"Richardson, May and Henson",Enterprise,Eastern Cape,Distributor,COD,L. van Wyk
CUST01503,Cole Inc,Enterprise,KwaZulu-Natal,Ecommerce,COD,S. Naidoo
CUST01504,Houston Trading,SMB,Western Cape,Distributor,Net 30,L. van Wyk
CUST01505,Mason Trading,Mid-Market,KwaZulu-Natal,Retail,Net 45,L. van Wyk
CUST01506,Valdez Trading,Mid-Market,KwaZulu-Natal,Distributor,COD,S. Naidoo
CUST01507,Barnes Trading,Mid-Market,Free State,Retail,Net 30,L. van Wyk
CUST01508,Roth Trading,Mid-Market,Free State,Ecommerce,Net 45,N. Dlamini
CUST01509,Rivera Trading,Mid-Market,Limpopo,Wholesale,Net 45,S. Naidoo
CUST01510,Johnson Trading,SMB,Western Cape,Ecommerce,Net 30,A. Petersen
CUST01511,Fisher Trading,SMB,Western Cape,Wholesale,Net 60,S. Naidoo
CUST01512,"Ryan, Walker and Beck",Enterprise,Limpopo,Distributor,Net 30,L. van Wyk
CUST01513,Padilla Trading,SMB,Limpopo,Wholesale,Net 30,S. Naidoo
CUST01514,Johnston Trading,Mid-Market,KwaZulu-Natal,Ecommerce,Net 15,N. Dlamini
CUST01515,Stone Trading,SMB,Western Cape,Distributor,Net 45,A. Petersen
CUST01516,Mcintyre Trading,SMB,Gauteng,Wholesale,COD,L. van Wyk
CUST01517,Johnson Trading,SMB,Limpopo,Wholesale,COD,L. van Wyk
CUST01518,Davis Trading,Mid-Market,Free State,Ecommerce,Net 15,N. Dlamini
CUST01519,"Tran, Nichols and Mcmillan",Key Account,Western Cape,Retail,COD,A. Petersen
CUST01520,Walker Trading,SMB,Eastern Cape,Distributor,COD,S. Naidoo
CUST01521,Jones Trading,Mid-Market,Western Cape,Ecommerce,Net 30,L. van Wyk
CUST01522,Berry Trading,SMB,Eastern Cape,Wholesale,Net 60,S. Naidoo
CUST01523,"Cain, Burns and Schmidt",Key Account,KwaZulu-Natal,Wholesale,Net 45,S. Naidoo
CUST01524,Wilson Trading,SMB,Western Cape,Retail,Net 30,T. Mokoena
CUST01525,Pearson Trading,SMB,Eastern Cape,Wholesale,Net 30,A. Petersen
CUST01526,Castro Trading,Mid-Market,Eastern Cape,Retail,COD,L. van Wyk
CUST01527,Briggs Trading,SMB,KwaZulu-Natal,Distributor,Net 15,L. van Wyk
CUST01528,Collins Trading,Mid-Market,Limpopo,Ecommerce,COD,N. Dlamini
CUST01529,Roy Trading,Mid-Market,Gauteng,Ecommerce,Net 15,L. van Wyk
CUST01530,Rios-Sandoval,Enterprise,Free State,Retail,COD,T. Mokoena
CUST01531,White Trading,SMB,Eastern Cape,Ecommerce,Net 45,T. Mokoena
CUST01532,Thompson Trading,SMB,Free State,Retail,Net 60,S. Naidoo
CUST01533,Patel Trading,SMB,Free State,Distributor,Net 30,L. van Wyk
CUST01534,Morgan Trading,SMB,KwaZulu-Natal,Distributor,Net 15,T. Mokoena
CUST01535,Combs Trading,SMB,Gauteng,Wholesale,Net 45,T. Mokoena
CUST01536,Little Trading,Mid-Market,Eastern Cape,Ecommerce,Net 30,A. Petersen
CUST01537,"Reid, Reese and Parker",Enterprise,KwaZulu-Natal,Ecommerce,Net 45,S. Naidoo
CUST01538,Gonzalez Trading,SMB,Eastern Cape,Wholesale,Net 60,L. van Wyk
CUST01539,Lawson Trading,SMB,Western Cape,Retail,Net 15,S. Naidoo
CUST01540,Travis Trading,SMB,KwaZulu-Natal,Wholesale,Net 45,L. van Wyk
CUST01541,Alvarez Trading,SMB,Eastern Cape,Retail,Net 45,T. Mokoena
CUST01542,Beard Group,Key Account,Free State,Distributor,Net 45,L. van Wyk
CUST01543,Mercado Trading,SMB,Limpopo,Wholesale,COD,T. Mokoena
CUST01544,Patrick Trading,SMB,KwaZulu-Natal,Wholesale,Net 15,A. Petersen
CUST01545,Thompson LLC,Enterprise,Free State,Wholesale,Net 60,N. Dlamini
CUST01546,Hale Trading,SMB,Free State,Wholesale,Net 45,N. Dlamini
CUST01547,Smith Trading,SMB,Eastern Cape,Retail,Net 30,N. Dlamini
CUST01548,Rivers Trading,SMB,Limpopo,Retail,Net 45,T. Mokoena
CUST01549,Davis Trading,Mid-Market,Gauteng,Ecommerce,Net 15,N. Dlamini
CUST01550,Martinez Trading,SMB,Limpopo,Distributor,Net 45,T. Mokoena
CUST01551,Carpenter Trading,Mid-Market,Gauteng,Ecommerce,COD,A. Petersen
CUST01552,Johnson-Brown,Key Account,KwaZulu-Natal,Wholesale,Net 15,N. Dlamini
CUST01553,Orozco-Williams,Enterprise,KwaZulu-Natal,Ecommerce,COD,N. Dlamini
CUST01554,Gill Trading,SMB,Free State,Distributor,COD,L. van Wyk
CUST01555,Montoya Trading,SMB,Western Cape,Distributor,COD,N. Dlamini
CUST01556,"Cunningham, Lamb and Schultz",Enterprise,Western Cape,Distributor,Net 45,T. Mokoena
CUST01557,Garcia Trading,Mid-Market,Limpopo,Wholesale,COD,T. Mokoena
CUST01558,Allen Trading,SMB,Eastern Cape,Ecommerce,Net 60,S. Naidoo
CUST01559,Pacheco Trading,SMB,Gauteng,Ecommerce,Net 60,S. Naidoo
CUST01560,Young Trading,SMB,Eastern Cape,Distributor,Net 30,A. Petersen
CUST01561,Daniels Trading,Mid-Market,Gauteng,Distributor,Net 30,A. Petersen
CUST01562,Flores Trading,SMB,Limpopo,Distributor,COD,N. Dlamini
CUST01563,Smith Trading,SMB,Eastern Cape,Wholesale,Net 15,L. van Wyk
CUST01564,Freeman Trading,SMB,Limpopo,Retail,Net 30,L. van Wyk
CUST01565,Friedman Trading,SMB,Eastern Cape,Ecommerce,Net 15,S. Naidoo
CUST01566,Norris Trading,Mid-Market,KwaZulu-Natal,Wholesale,Net 60,L. van Wyk
CUST01567,Wells Trading,SMB,Gauteng,Retail,COD,A. Petersen
CUST01568,Douglas Trading,SMB,Eastern Cape,Distributor,COD,L. van Wyk
CUST01569,James Trading,Mid-Market,Free State,Ecommerce,Net 30,T. Mokoena
CUST01570,Holmes Trading,Mid-Market,Free State,Retail,COD,L. van Wyk
CUST01571,Murray Trading,SMB,Western Cape,Distributor,COD,N. Dlamini
CUST01572,Henderson Trading,SMB,Limpopo,Ecommerce,Net 30,A. Petersen
CUST01573,Costa Trading,Mid-Market,Limpopo,Distributor,Net 60,T. Mokoena
CUST01574,Gonzalez Trading,SMB,Western Cape,Wholesale,Net 15,N. Dlamini
CUST01575,Mahoney Trading,Mid-Market,Free State,Ecommerce,COD,L. van Wyk
CUST01576,Powell Trading,SMB,Gauteng,Distributor,COD,N. Dlamini
CUST01577,Flowers Trading,SMB,Eastern Cape,Distributor,Net 45,A. Petersen
CUST01578,Martinez Trading,Mid-Market,KwaZulu-Natal,Ecommerce,Net 45,T. Mokoena
CUST01579,Hall Trading,SMB,Western Cape,Retail,Net 15,N. Dlamini
CUST01580,Mayo and Sons,Enterprise,Limpopo,Wholesale,COD,S. Naidoo
CUST01581,Barton Trading,SMB,Western Cape,Wholesale,Net 45,A. Petersen
CUST01582,Smith Trading,SMB,KwaZulu-Natal,Distributor,Net 15,L. van Wyk
CUST01583,Jones Trading,SMB,Gauteng,Wholesale,Net 15,L. van Wyk
CUST01584,Delgado-Simmons,Key Account,Eastern Cape,Retail,Net 45,A. Petersen
CUST01585,Ortiz Trading,SMB,KwaZulu-Natal,Distributor,COD,T. Mokoena
CUST01586,Garcia Trading,SMB,Limpopo,Distributor,Net 45,L. van Wyk
CUST01587,Williams Trading,Mid-Market,Free State,Ecommerce,COD,L. van Wyk
CUST01588,Floyd Trading,SMB,Free State,Distributor,Net 15,N. Dlamini
CUST01589,Galloway Trading,SMB,Eastern Cape,Ecommerce,Net 60,N. Dlamini
CUST01590,Gilmore Trading,SMB,Limpopo,Distributor,Net 45,N. Dlamini
CUST01591,Hughes Trading,SMB,Limpopo,Ecommerce,Net 45,L. van Wyk
CUST01592,Robinson Trading,SMB,KwaZulu-Natal,Wholesale,Net 45,T. Mokoena
CUST01593,Simpson Trading,SMB,Free State,Wholesale,Net 60,T. Mokoena
CUST01594,"Ward, Robinson and Schaefer",Enterprise,Limpopo,Distributor,Net 15,T. Mokoena
CUST01595,Edwards Trading,Mid-Market,Eastern Cape,Distributor,Net 30,L. van Wyk
CUST01596,White Trading,Mid-Market,Western Cape,Wholesale,Net 30,N. Dlamini
CUST01597,Sawyer Trading,Mid-Market,Western Cape,Wholesale,Net 15,S. Naidoo
CUST01598,Nelson Trading,Mid-Market,Gauteng,Distributor,Net 45,T. Mokoena
CUST01599,Butler Trading,SMB,Free State,Retail,COD,T. Mokoena
CUST01600,Torres Group,Enterprise,KwaZulu-Natal,Wholesale,Net 15,A. Petersen
CUST01601,Hill Trading,SMB,Gauteng,Ecommerce,Net 45,N. Dlamini
CUST01602,Hart Trading,Mid-Market,Gauteng,Wholesale,Net 45,T. Mokoena
CUST01603,Torres-Simmons,Key Account,KwaZulu-Natal,Retail,Net 60,T. Mokoena
CUST01604,"Collins, Schmitt and Stewart",Enterprise,Limpopo,Retail,COD,L. van Wyk
CUST01605,Norris Trading,Mid-Market,Gauteng,Retail,Net 60,A. Petersen
CUST01606,Davis Trading,Mid-Market,Gauteng,Retail,Net 60,N. Dlamini
CUST01607,Wood Trading,SMB,Gauteng,Wholesale,Net 30,S. Naidoo
CUST01608,Bryant Trading,Mid-Market,Limpopo,Distributor,Net 60,L. van Wyk
CUST01609,Bradley Trading,Mid-Market,Gauteng,Wholesale,Net 30,T. Mokoena
CUST01610,Yates-Carter,Enterprise,Gauteng,Wholesale,Net 45,L. van Wyk
CUST01611,White Trading,Mid-Market,Gauteng,Wholesale,Net 45,T. Mokoena
CUST01612,Howell Trading,SMB,Western Cape,Retail,Net 30,T. Mokoena
CUST01613,Ramirez Trading,Mid-Market,Eastern Cape,Ecommerce,Net 15,S. Naidoo
CUST01614,Swanson Trading,Mid-Market,Free State,Distributor,Net 15,S. Naidoo
CUST01615,Martin-Barnes,Enterprise,Eastern Cape,Distributor,Net 45,A. Petersen
CUST01616,Dunn Trading,Mid-Market,KwaZulu-Natal,Retail,Net 45,S. Naidoo
CUST01617,Jacobs Trading,Mid-Market,Limpopo,Retail,COD,T. Mokoena
CUST01618,Miller Trading,SMB,Western Cape,Distributor,COD,L. van Wyk
CUST01619,Harris Trading,Mid-Market,Limpopo,Wholesale,Net 60,N. Dlamini
CUST01620,Marshall-Evans,Key Account,Limpopo,Ecommerce,Net 45,L. van Wyk
CUST01621,Burton Ltd,Enterprise,Limpopo,Ecommerce,Net 30,T. Mokoena
CUST01622,Riley Trading,SMB,KwaZulu-Natal,Wholesale,Net 45,L. van Wyk
CUST01623,Williams Trading,Mid-Market,Free State,Distributor,Net 30,L. van Wyk
CUST01624,Barrett Trading,Mid-Market,KwaZulu-Natal,Retail,COD,A. Petersen
CUST01625,Marshall Trading,SMB,Limpopo,Wholesale,Net 60,A. Petersen
CUST01626,Mitchell Trading,SMB,Gauteng,Ecommerce,Net 60,T. Mokoena
CUST01627,Nelson Trading,Mid-Market,Western Cape,Retail,COD,A. Petersen
CUST01628,King Trading,Mid-Market,Western Cape,Ecommerce,Net 45,A. Petersen
CUST01629,Clark Trading,SMB,Gauteng,Ecommerce,Net 30,A. Petersen
CUST01630,Gilmore Trading,SMB,Gauteng,Retail,Net 45,T. Mokoena
CUST01631,Crosby Trading,Mid-Market,Gauteng,Distributor,Net 30,S. Naidoo
CUST01632,Schultz LLC,Enterprise,Free State,Wholesale,Net 30,T. Mokoena
CUST01633,Collins Trading,SMB,Limpopo,Wholesale,Net 45,A. Petersen
CUST01634,Li Trading,Mid-Market,Gauteng,Ecommerce,Net 60,A. Petersen
CUST01635,Barrett Trading,SMB,KwaZulu-Natal,Distributor,COD,S. Naidoo
CUST01636,Rosario Trading,Mid-Market,Eastern Cape,Retail,COD,N. Dlamini
CUST01637,Anderson Trading,SMB,Western Cape,Distributor,Net 15,L. van Wyk
CUST01638,Marsh Trading,SMB,Limpopo,Distributor,Net 60,A. Petersen
CUST01639,Richardson Trading,SMB,Eastern Cape,Ecommerce,Net 60,L. van Wyk
CUST01640,Mccall Trading,Mid-Market,Eastern Cape,Distributor,Net 45,S. Naidoo
CUST01641,Ray Trading,SMB,Western Cape,Distributor,Net 45,S. Naidoo
CUST01642,Henderson and Sons,Key Account,Free State,Retail,Net 15,L. van Wyk
CUST01643,Guzman Trading,SMB,Limpopo,Wholesale,Net 60,T. Mokoena
CUST01644,Castillo-Thomas,Enterprise,Gauteng,Distributor,COD,N. Dlamini
CUST01645,Jimenez Trading,SMB,KwaZulu-Natal,Retail,Net 60,S. Naidoo
CUST01646,Gonzalez Trading,SMB,KwaZulu-Natal,Ecommerce,Net 30,T. Mokoena
CUST01647,Vaughn Trading,SMB,Western Cape,Wholesale,Net 60,L. van Wyk
CUST01648,Santana Trading,SMB,KwaZulu-Natal,Ecommerce,Net 15,S. Naidoo
CUST01649,Collins Ltd,Enterprise,Eastern Cape,Retail,COD,A. Petersen
CUST01650,Horton Trading,SMB,Gauteng,Distributor,Net 45,A. Petersen
CUST01651,Campbell Trading,SMB,Eastern Cape,Ecommerce,Net 45,L. van Wyk
CUST01652,Ruiz-Woodard,Enterprise,Free State,Wholesale,Net 15,A. Petersen
CUST01653,Mason Trading,Mid-Market,Eastern Cape,Distributor,Net 15,T. Mokoena
CUST01654,Parks Trading,SMB,Free State,Distributor,Net 45,S. Naidoo
CUST01655,Simpson-Powers,Enterprise,KwaZulu-Natal,Retail,Net 45,T. Mokoena
CUST01656,Ross Trading,Mid-Market,Western Cape,Retail,Net 60,T. Mokoena
CUST01657,Williams Trading,Mid-Market,Gauteng,Retail,Net 15,A. Petersen
CUST01658,Evans Trading,SMB,Gauteng,Wholesale,Net 45,A. Petersen
CUST01659,"Gonzalez, Ball and Martinez",Enterprise,Gauteng,Wholesale,COD,T. Mokoena
CUST01660,Jones Trading,Mid-Market,Western Cape,Distributor,COD,A. Petersen
CUST01661,Wilson Trading,Mid-Market,Eastern Cape,Retail,Net 45,N. Dlamini
CUST01662,Bush Trading,SMB,Western Cape,Distributor,COD,A. Petersen
CUST01663,Carroll Trading,SMB,KwaZulu-Natal,Retail,COD,N. Dlamini
CUST01664,Boyd Trading,SMB,KwaZulu-Natal,Wholesale,Net 15,T. Mokoena
CUST01665,Hinton Trading,Mid-Market,Western Cape,Ecommerce,Net 45,S. Naidoo
CUST01666,Mullins Trading,SMB,KwaZulu-Natal,Wholesale,COD,N. Dlamini
CUST01667,Davila Trading,SMB,Gauteng,Ecommerce,Net 15,L. van Wyk
CUST01668,Andrews-Nash,Enterprise,KwaZulu-Natal,Distributor,COD,N. Dlamini
CUST01669,Smith Trading,SMB,Free State,Wholesale,Net 45,A. Petersen
CUST01670,Snyder Trading,Mid-Market,Eastern Cape,Retail,Net 30,N. Dlamini
CUST01671,Sanders Trading,SMB,Free State,Distributor,COD,L. van Wyk
CUST01672,Acosta Trading,SMB,Limpopo,Wholesale,COD,T. Mokoena
CUST01673,Perry Trading,Mid-Market,Free State,Retail,Net 15,A. Petersen
CUST01674,Howard Trading,Mid-Market,Western Cape,Ecommerce,Net 60,L. van Wyk
CUST01675,Anderson Trading,SMB,Limpopo,Wholesale,Net 15,T. Mokoena
CUST01676,Matthews Trading,SMB,Western Cape,Wholesale,Net 60,L. van Wyk
CUST01677,Moore-Fischer,Key Account,Free State,Distributor,COD,N. Dlamini
CUST01678,Riggs PLC,Enterprise,Free State,Ecommerce,Net 15,N. Dlamini
CUST01679,Jimenez Trading,SMB,Eastern Cape,Ecommerce,Net 60,T. Mokoena
CUST01680,Manning-Richards,Enterprise,Eastern Cape,Ecommerce,Net 15,A. Petersen
CUST01681,Stewart PLC,Enterprise,KwaZulu-Natal,Retail,Net 15,A. Petersen
CUST01682,Walter Trading,Mid-Market,KwaZulu-Natal,Retail,Net 45,N. Dlamini
CUST01683,Davidson-Hoffman,Enterprise,Limpopo,Ecommerce,Net 45,S. Naidoo
CUST01684,Guzman Trading,Mid-Market,KwaZulu-Natal,Ecommerce,Net 30,L. van Wyk
CUST01685,Morris Trading,SMB,Limpopo,Ecommerce,Net 30,S. Naidoo
CUST01686,Rivera Trading,SMB,Free State,Ecommerce,COD,S. Naidoo
CUST01687,Ramirez Trading,Mid-Market,Gauteng,Distributor,COD,N. Dlamini
CUST01688,Watson Trading,Mid-Market,Eastern Cape,Distributor,Net 45,A. Petersen
CUST01689,Swanson Trading,SMB,Limpopo,Retail,Net 60,N. Dlamini
CUST01690,Tyler LLC,Enterprise,Limpopo,Distributor,COD,T. Mokoena
CUST01691,Warren Group,Key Account,Eastern Cape,Ecommerce,Net 45,S. Naidoo
CUST01692,Mathis Ltd,Enterprise,Limpopo,Retail,COD,L. van Wyk
CUST01693,Thompson Trading,SMB,Western Cape,Distributor,COD,S. Naidoo
CUST01694,Carrillo Trading,Mid-Market,KwaZulu-Natal,Ecommerce,Net 15,N. Dlamini
CUST01695,White-Taylor,Enterprise,Limpopo,Ecommerce,Net 15,S. Naidoo
CUST01696,Ellis-Fisher,Key Account,KwaZulu-Natal,Retail,Net 30,L. van Wyk
CUST01697,Crawford Group,Enterprise,Limpopo,Wholesale,COD,S. Naidoo
CUST01698,George Inc,Key Account,Limpopo,Distributor,COD,T. Mokoena
CUST01699,Nelson Trading,Mid-Market,Eastern Cape,Wholesale,Net 60,S. Naidoo
CUST01700,Burton Trading,Mid-Market,Free State,Wholesale,COD,A. Petersen
CUST01701,Martin Trading,SMB,Gauteng,Wholesale,Net 30,A. Petersen
CUST01702,Baldwin LLC,Enterprise,Free State,Ecommerce,Net 15,N. Dlamini
CUST01703,"Adams, Richardson and Banks",Key Account,Limpopo,Ecommerce,Net 60,L. van Wyk
CUST01704,Smith Trading,SMB,Eastern Cape,Retail,Net 30,L. van Wyk
CUST01705,Perez-Brown,Enterprise,Eastern Cape,Ecommerce,COD,A. Petersen
CUST01706,Davis Trading,SMB,KwaZulu-Natal,Retail,Net 15,N. Dlamini
CUST01707,Li Trading,SMB,Eastern Cape,Distributor,Net 30,N. Dlamini
CUST01708,Sanders Trading,SMB,KwaZulu-Natal,Retail,Net 60,N. Dlamini
CUST01709,Black Ltd,Key Account,Western Cape,Distributor,COD,S. Naidoo
CUST01710,Flores Trading,SMB,KwaZulu-Natal,Ecommerce,COD,N. Dlamini
CUST01711,Mccoy Trading,SMB,Eastern Cape,Retail,Net 60,T. Mokoena
CUST01712,"Wood, Ryan and Hawkins",Enterprise,Western Cape,Retail,Net 45,S. Naidoo
CUST01713,"White, Parks and Morales",Key Account,Gauteng,Ecommerce,Net 60,S. Naidoo
CUST01714,"Barr, Sherman and Cox",Enterprise,Free State,Distributor,COD,L. van Wyk
CUST01715,Jordan Trading,Mid-Market,Gauteng,Retail,COD,L. van Wyk
CUST01716,Merritt Trading,SMB,Limpopo,Retail,Net 15,N. Dlamini
CUST01717,Mendez and Sons,Enterprise,Eastern Cape,Retail,Net 30,A. Petersen
CUST01718,Roman Trading,Mid-Market,Gauteng,Retail,COD,A. Petersen
CUST01719,Ellis Trading,SMB,Eastern Cape,Distributor,COD,A. Petersen
CUST01720,Castro Trading,Mid-Market,Western Cape,Retail,Net 45,L. van Wyk
CUST01721,Medina Trading,SMB,Eastern Cape,Retail,Net 30,N. Dlamini
CUST01722,Stephenson Trading,SMB,KwaZulu-Natal,Wholesale,COD,N. Dlamini
CUST01723,Wiggins Trading,SMB,Limpopo,Retail,Net 60,S. Naidoo
CUST01724,Faulkner and Sons,Enterprise,Western Cape,Ecommerce,Net 30,L. van Wyk
CUST01725,Henderson Trading,SMB,Free State,Distributor,Net 15,S. Naidoo
CUST01726,Rogers Trading,SMB,Gauteng,Retail,Net 15,T. Mokoena
CUST01727,Washington Trading,Mid-Market,Free State,Ecommerce,Net 30,A. Petersen
CUST01728,Campbell-King,Enterprise,Western Cape,Wholesale,Net 45,T. Mokoena
CUST01729,Mccoy Trading,Mid-Market,KwaZulu-Natal,Ecommerce,COD,A. Petersen
CUST01730,Bowman Trading,Mid-Market,Limpopo,Wholesale,COD,S. Naidoo
CUST01731,Stokes Trading,SMB,Free State,Retail,Net 45,T. Mokoena
CUST01732,Mason Trading,SMB,Western Cape,Wholesale,COD,T. Mokoena
CUST01733,Reed Trading,SMB,Eastern Cape,Distributor,Net 60,T. Mokoena
CUST01734,"Williams, Wolfe and Brooks",Enterprise,Free State,Ecommerce,Net 60,T. Mokoena
CUST01735,Green Trading,SMB,Western Cape,Retail,Net 45,N. Dlamini
CUST01736,Aguilar Trading,SMB,Gauteng,Wholesale,Net 15,L. van Wyk
CUST01737,Miller Trading,Mid-Market,Western Cape,Distributor,Net 30,L. van Wyk
CUST01738,Harrison Trading,SMB,Western Cape,Retail,Net 30,N. Dlamini
CUST01739,Herrera Trading,SMB,Gauteng,Retail,Net 15,T. Mokoena
CUST01740,Clark Trading,SMB,Limpopo,Ecommerce,COD,N. Dlamini
CUST01741,Curry Trading,SMB,KwaZulu-Natal,Wholesale,Net 15,T. Mokoena
CUST01742,Marquez Trading,Mid-Market,KwaZulu-Natal,Wholesale,Net 15,S. Naidoo
CUST01743,Harper Trading,SMB,KwaZulu-Natal,Retail,COD,S. Naidoo
CUST01744,Berry Trading,SMB,Gauteng,Ecommerce,Net 15,T. Mokoena
CUST01745,Thompson Trading,SMB,KwaZulu-Natal,Ecommerce,Net 15,A. Petersen
CUST01746,Rhodes-Hogan,Key Account,Free State,Distributor,COD,N. Dlamini
CUST01747,Allen Trading,SMB,Western Cape,Wholesale,Net 15,A. Petersen
CUST01748,Washington Trading,SMB,KwaZulu-Natal,Ecommerce,Net 60,L. van Wyk
CUST01749,Sims Group,Key Account,Western Cape,Retail,Net 60,A. Petersen
CUST01750,Lee Trading,SMB,Free State,Ecommerce,Net 15,T. Mokoena
CUST01751,Berg Trading,SMB,Limpopo,Ecommerce,Net 15,A. Petersen
CUST01752,Gonzalez-Wallace,Key Account,Eastern Cape,Wholesale,COD,L. van Wyk
CUST01753,Young Trading,Mid-Market,Free State,Retail,Net 15,A. Petersen
CUST01754,Henry Trading,SMB,Limpopo,Ecommerce,Net 45,A. Petersen
CUST01755,Jackson Trading,SMB,KwaZulu-Natal,Ecommerce,Net 60,L. van Wyk
CUST01756,Vega Trading,Mid-Market,Eastern Cape,Distributor,Net 30,A. Petersen
CUST01757,Salinas Trading,SMB,Free State,Retail,Net 15,S. Naidoo
CUST01758,Guzman PLC,Enterprise,Eastern Cape,Wholesale,Net 45,S. Naidoo
CUST01759,Grant Trading,SMB,Eastern Cape,Wholesale,Net 30,T. Mokoena
CUST01760,Hall Trading,Mid-Market,Western Cape,Retail,Net 30,L. van Wyk
CUST01761,Watkins Trading,SMB,Western Cape,Retail,Net 45,A. Petersen
CUST01762,Meadows Trading,Mid-Market,Eastern Cape,Distributor,Net 45,L. van Wyk
CUST01763,Norman Trading,SMB,Eastern Cape,Ecommerce,Net 30,L. van Wyk
CUST01764,Riley Trading,SMB,Eastern Cape,Wholesale,Net 30,N. Dlamini
CUST01765,Dean Trading,SMB,Gauteng,Ecommerce,Net 60,A. Petersen
CUST01766,Murphy Trading,SMB,Gauteng,Ecommerce,Net 15,N. Dlamini
CUST01767,Brown Trading,SMB,KwaZulu-Natal,Retail,Net 60,S. Naidoo
CUST01768,Kent Trading,SMB,Limpopo,Ecommerce,Net 30,T. Mokoena
CUST01769,Mckinney Trading,Mid-Market,Limpopo,Ecommerce,Net 15,A. Petersen
CUST01770,Kim Ltd,Key Account,Limpopo,Ecommerce,COD,T. Mokoena
CUST01771,Carter Trading,SMB,KwaZulu-Natal,Distributor,Net 45,A. Petersen
CUST01772,Dalton Trading,Mid-Market,Gauteng,Distributor,Net 60,S. Naidoo
CUST01773,Rice-Richardson,Enterprise,Western Cape,Wholesale,Net 15,L. van Wyk
CUST01774,Robinson Trading,SMB,Free State,Distributor,Net 45,T. Mokoena
CUST01775,Fuller Trading,Mid-Market,KwaZulu-Natal,Wholesale,Net 45,L. van Wyk
CUST01776,King Trading,SMB,Eastern Cape,Retail,Net 30,S. Naidoo
CUST01777,Williams Trading,Mid-Market,Western Cape,Ecommerce,COD,L. van Wyk
CUST01778,"Leon, Howard and Wright",Enterprise,KwaZulu-Natal,Ecommerce,Net 15,L. van Wyk
CUST01779,Jordan Trading,SMB,Eastern Cape,Ecommerce,Net 30,A. Petersen
CUST01780,Clark Trading,SMB,Gauteng,Wholesale,Net 15,T. Mokoena
CUST01781,Phillips Trading,Mid-Market,Free State,Distributor,Net 45,S. Naidoo
CUST01782,Vargas LLC,Enterprise,Gauteng,Distributor,Net 15,L. van Wyk
CUST01783,Campbell Trading,SMB,Free State,Distributor,Net 30,N. Dlamini
CUST01784,Wiley Trading,SMB,Limpopo,Wholesale,COD,A. Petersen
CUST01785,Young Trading,SMB,Western Cape,Wholesale,COD,L. van Wyk
CUST01786,Jensen Trading,SMB,Western Cape,Ecommerce,Net 60,N. Dlamini
CUST01787,Deleon Trading,SMB,KwaZulu-Natal,Retail,Net 15,T. Mokoena
CUST01788,Bishop-Sherman,Enterprise,Eastern Cape,Distributor,Net 15,N. Dlamini
CUST01789,Hensley Trading,SMB,Eastern Cape,Distributor,COD,L. van Wyk
CUST01790,Johnston-Stone,Key Account,Western Cape,Wholesale,Net 15,T. Mokoena
CUST01791,Shelton Trading,SMB,Limpopo,Distributor,Net 15,A. Petersen
CUST01792,Martinez Trading,Mid-Market,KwaZulu-Natal,Wholesale,Net 60,L. van Wyk
CUST01793,Decker Trading,SMB,Gauteng,Wholesale,Net 45,N. Dlamini
CUST01794,Watson and Sons,Enterprise,Free State,Wholesale,Net 60,T. Mokoena
CUST01795,Campbell Group,Enterprise,Eastern Cape,Distributor,Net 45,A. Petersen
CUST01796,Blackwell Trading,SMB,Gauteng,Ecommerce,Net 45,T. Mokoena
CUST01797,Andrade Trading,Mid-Market,Limpopo,Ecommerce,Net 45,A. Petersen
CUST01798,Munoz-Hogan,Enterprise,Western Cape,Distributor,Net 15,S. Naidoo
CUST01799,"Mcclure, Bradley and Lee",Enterprise,Limpopo,Distributor,Net 45,L. van Wyk
CUST01800,Watson PLC,Enterprise,Western Cape,Retail,Net 45,N. Dlamini
